,code,name
0,603999,读者传媒
1,603998,方盛制药
2,603997,继峰股份
3,603996,中新科技
4,603993,洛阳钼业
5,603989,艾华集团
6,603988,中电电机
7,603987,康德莱
8,603986,兆易创新
9,603979,金诚信
10,603977,国泰集团
11,603969,银龙股份
12,603968,醋化股份
13,603959,百利科技
14,603958,哈森股份
15,603939,益丰药房
16,603936,博敏电子
17,603919,金徽酒
18,603918,金桥信息
19,603909,合诚股份
20,603901,永创智能
21,603900,N通灵
22,603899,晨光文具
23,603898,好莱客
24,603889,新澳股份
25,603888,新华网
26,603887,城地股份
27,603885,吉祥航空
28,603883,老百姓
29,603869,北部湾旅
30,603868,飞科电器
31,603866,桃李面包
32,603861,白云电器
33,603859,能科股份
34,603858,步长制药
35,603843,正平股份
36,603838,四通股份
37,603828,柯利达
38,603822,嘉澳环保
39,603818,曲美家居
40,603816,顾家家居
41,603808,歌力思
42,603806,福斯特
43,603800,道森股份
44,603799,华友钴业
45,603798,康普顿
46,603789,星光农机
47,603788,宁波高发
48,603779,威龙股份
49,603778,乾景园林
50,603777,来伊份
51,603766,隆鑫通用
52,603738,泰晶科技
53,603737,三棵树
54,603729,龙韵股份
55,603727,博迈科
56,603726,朗迪集团
57,603718,海利生物
58,603716,塞力斯
59,603703,盛洋科技
60,603701,德宏股份
61,603699,纽威股份
62,603698,航天工程
63,603696,安记食品
64,603688,石英股份
65,603686,龙马环卫
66,603678,火炬电子
67,603669,灵康药业
68,603667,五洲新春
69,603663,三祥新材
70,603658,安图生物
71,603636,南威软件
72,603633,徕木股份
73,603618,杭电股份
74,603616,韩建河山
75,603611,诺力股份
76,603609,禾丰牧业
77,603608,天创时尚
78,603606,东方电缆
79,603601,再升科技
80,603600,永艺股份
81,603599,广信股份
82,603598,引力传媒
83,603589,口子窖
84,603588,高能环境
85,603569,长久物流
86,603568,伟明环保
87,603567,珍宝岛
88,603566,普莱柯
89,603558,健盛集团
90,603556,海兴电力
91,603555,贵人鸟
92,603528,多伦科技
93,603520,司太立
94,603519,立霸股份
95,603518,维格娜丝
96,603515,欧普照明
97,603508,思维列控
98,603456,九洲药业
99,603421,鼎信通讯
100,603399,新华龙
101,603398,邦宝益智
102,603393,新天然气
103,603377,东方时尚
104,603369,今世缘
105,603368,柳州医药
106,603366,日出东方
107,603355,莱克电气
108,603339,四方冷链
109,603338,浙江鼎力
110,603333,明星电缆
111,603328,依顿电子
112,603322,超讯通信
113,603318,派思股份
114,603315,福鞍股份
115,603313,恒康家居
116,603311,金海环境
117,603309,维力医疗
118,603308,应流股份
119,603306,华懋科技
120,603300,华铁科技
121,603299,井神股份
122,603288,海天味业
123,603268,松发股份
124,603258,电魂网络
125,603227,雪峰科技
126,603223,恒通股份
127,603222,济民制药
128,603203,快克股份
129,603199,九华旅游
130,603198,迎驾贡酒
131,603189,网达软件
132,603188,亚邦股份
133,603169,兰石重装
134,603168,莎普爱思
135,603167,渤海轮渡
136,603166,福达股份
137,603160,汇顶科技
138,603159,上海亚虹
139,603158,腾龙股份
140,603131,上海沪工
141,603128,华贸物流
142,603126,中材节能
143,603123,翠微股份
144,603118,共进股份
145,603117,万林股份
146,603116,红蜻蜓
147,603111,康尼机电
148,603108,润达医疗
149,603101,汇嘉时代
150,603100,川仪股份
151,603099,长白山
152,603090,宏盛股份
153,603088,宁波精达
154,603085,天成自控
155,603077,和邦生物
156,603069,海汽集团
157,603067,振华股份
158,603066,音飞储存
159,603060,国检集团
160,603031,安德利
161,603030,全筑股份
162,603029,天鹅股份
163,603028,赛福天
164,603027,千禾味业
165,603026,石大胜华
166,603025,大豪科技
167,603023,威帝股份
168,603022,新通联
169,603021,山东华鹏
170,603020,爱普股份
171,603019,中科曙光
172,603018,中设集团
173,603017,中衡设计
174,603016,新宏泰
175,603015,弘讯科技
176,603012,创力集团
177,603011,合锻智能
178,603010,万盛股份
179,603009,北特科技
180,603008,喜临门
181,603007,花王股份
182,603006,联明股份
183,603005,晶方科技
184,603003,龙宇燃油
185,603002,宏昌电子
186,603001,奥康国际
187,603000,人民网
188,601999,出版传媒
189,601998,中信银行
190,601997,贵阳银行
191,601996,丰林集团
192,601992,金隅股份
193,601991,大唐发电
194,601989,中国重工
195,601988,中国银行
196,601985,中国核电
197,601969,海南矿业
198,601968,宝钢包装
199,601966,玲珑轮胎
200,601965,中国汽研
201,601958,金钼股份
202,601939,建设银行
203,601933,永辉超市
204,601929,吉视传媒
205,601928,凤凰传媒
206,601919,中国远洋
207,601908,京运通
208,601901,方正证券
209,601900,南方传媒
210,601899,紫金矿业
211,601898,中煤能源
212,601890,亚星锚链
213,601888,中国国旅
214,601886,江河集团
215,601882,海天精工
216,601880,大连港
217,601877,正泰电器
218,601872,招商轮船
219,601866,中海集运
220,601857,中国石油
221,601818,光大银行
222,601811,新华文轩
223,601808,中海油服
224,601801,皖新传媒
225,601800,中国交建
226,601799,星宇股份
227,601798,蓝科高新
228,601789,宁波建工
229,601788,光大证券
230,601777,力帆股份
231,601766,中国中车
232,601727,上海电气
233,601718,际华集团
234,601717,郑煤机
235,601700,风范股份
236,601699,潞安环能
237,601689,拓普集团
238,601688,华泰证券
239,601678,滨化股份
240,601677,明泰铝业
241,601669,中国电建
242,601668,中国建筑
243,601666,平煤股份
244,601636,旗滨集团
245,601633,长城汽车
246,601628,中国人寿
247,601618,中国中冶
248,601616,广电电气
249,601611,中国核建
250,601608,中信重工
251,601607,上海医药
252,601601,中国太保
253,601600,中国铝业
254,601599,鹿港文化
255,601595,上海电影
256,601588,北辰实业
257,601579,会稽山
258,601567,三星医疗
259,601566,九牧王
260,601558,华锐风电
261,601555,东吴证券
262,601519,大智慧
263,601518,吉林高速
264,601515,东风股份
265,601500,通用股份
266,601398,工商银行
267,601390,中国中铁
268,601388,怡球资源
269,601377,兴业证券
270,601369,陕鼓动力
271,601368,绿城水务
272,601339,百隆东方
273,601336,新华保险
274,601333,广深铁路
275,601328,交通银行
276,601318,中国平安
277,601313,江南嘉捷
278,601311,骆驼股份
279,601288,农业银行
280,601258,庞大集团
281,601238,广汽集团
282,601233,桐昆股份
283,601231,环旭电子
284,601229,上海银行
285,601226,华电重工
286,601225,陕西煤业
287,601222,林洋能源
288,601218,吉鑫科技
289,601216,君正集团
290,601211,国泰君安
291,601208,东材科技
292,601199,江南水务
293,601198,东兴证券
294,601188,龙江交通
295,601186,中国铁建
296,601179,中国西电
297,601177,杭齿前进
298,601169,北京银行
299,601168,西部矿业
300,601166,兴业银行
301,601163,三角轮胎
302,601158,重庆水务
303,601155,新城控股
304,601139,深圳燃气
305,601137,博威合金
306,601128,常熟银行
307,601127,小康股份
308,601126,四方股份
309,601118,海南橡胶
310,601117,中国化学
311,601116,三江购物
312,601113,华鼎股份
313,601111,中国国航
314,601107,四川成渝
315,601106,中国一重
316,601101,昊华能源
317,601100,恒立液压
318,601099,太平洋
319,601098,中南传媒
320,601088,中国神华
321,601069,西部黄金
322,601058,赛轮金宇
323,601038,一拖股份
324,601028,玉龙股份
325,601021,春秋航空
326,601020,华钰矿业
327,601018,宁波港
328,601016,节能风电
329,601015,陕西黑猫
330,601012,隆基股份
331,601011,宝泰隆
332,601010,文峰股份
333,601009,南京银行
334,601008,连云港
335,601007,金陵饭店
336,601006,大秦铁路
337,601005,重庆钢铁
338,601003,柳钢股份
339,601002,晋亿实业
340,601001,大同煤业
341,601000,唐山港
342,600999,招商证券
343,600998,九州通
344,600997,开滦股份
345,600995,文山电力
346,600993,马应龙
347,600992,贵绳股份
348,600990,四创电子
349,600988,赤峰黄金
350,600987,航民股份
351,600986,科达股份
352,600985,雷鸣科化
353,600984,建设机械
354,600983,惠而浦
355,600982,宁波热电
356,600981,汇鸿集团
357,600980,北矿科技
358,600979,广安爱众
359,600978,宜华生活
360,600977,中国电影
361,600976,健民集团
362,600975,新五丰
363,600973,宝胜股份
364,600971,恒源煤电
365,600970,中材国际
366,600969,郴电国际
367,600967,北方创业
368,600966,博汇纸业
369,600965,福成股份
370,600963,岳阳林纸
371,600962,国投中鲁
372,600961,株冶集团
373,600960,渤海活塞
374,600959,江苏有线
375,600958,东方证券
376,600936,广西广电
377,600926,杭州银行
378,600919,江苏银行
379,600917,重庆燃气
380,600908,无锡银行
381,600900,长江电力
382,600898,三联商社
383,600897,厦门空港
384,600896,中海海盛
385,600895,张江高科
386,600894,广日股份
387,600893,中航动力
388,600892,大晟文化
389,600891,秋林集团
390,600890,中房股份
391,600889,南京化纤
392,600888,新疆众和
393,600887,伊利股份
394,600886,国投电力
395,600885,宏发股份
396,600884,杉杉股份
397,600883,博闻科技
398,600882,广泽股份
399,600881,亚泰集团
400,600880,博瑞传播
401,600879,航天电子
402,600877,中国嘉陵
403,600876,洛阳玻璃
404,600875,东方电气
405,600874,创业环保
406,600873,梅花生物
407,600872,中炬高新
408,600871,石化油服
409,600870,厦华电子
410,600869,智慧能源
411,600868,梅雁吉祥
412,600867,通化东宝
413,600865,百大集团
414,600864,哈投股份
415,600863,内蒙华电
416,600862,中航高科
417,600861,北京城乡
418,600860,京城股份
419,600859,王府井
420,600858,银座股份
421,600857,宁波中百
422,600856,中天能源
423,600855,航天长峰
424,600854,春兰股份
425,600853,龙建股份
426,600851,海欣股份
427,600850,华东电脑
428,600848,上海临港
429,600847,万里股份
430,600846,同济科技
431,600845,宝信软件
432,600844,丹化科技
433,600843,上工申贝
434,600841,上柴股份
435,600839,四川长虹
436,600838,上海九百
437,600837,海通证券
438,600836,界龙实业
439,600835,上海机电
440,600834,申通地铁
441,600833,第一医药
442,600831,广电网络
443,600830,香溢融通
444,600829,人民同泰
445,600828,茂业商业
446,600827,百联股份
447,600826,兰生股份
448,600825,新华传媒
449,600824,益民集团
450,600823,世茂股份
451,600822,上海物贸
452,600821,津劝业
453,600820,隧道股份
454,600819,耀皮玻璃
455,600818,中路股份
456,600816,安信信托
457,600815,厦工股份
458,600814,杭州解百
459,600812,华北制药
460,600811,东方集团
461,600810,神马股份
462,600809,山西汾酒
463,600808,马钢股份
464,600807,天业股份
465,600805,悦达投资
466,600804,鹏博士
467,600803,新奥股份
468,600802,福建水泥
469,600801,华新水泥
470,600800,天津磁卡
471,600798,宁波海运
472,600797,浙大网新
473,600796,钱江生化
474,600795,国电电力
475,600794,保税科技
476,600793,宜宾纸业
477,600792,云煤能源
478,600791,京能置业
479,600790,轻纺城
480,600789,鲁抗医药
481,600787,中储股份
482,600785,新华百货
483,600784,鲁银投资
484,600783,鲁信创投
485,600782,新钢股份
486,600781,辅仁药业
487,600780,通宝能源
488,600779,水井坊
489,600778,友好集团
490,600777,新潮能源
491,600776,东方通信
492,600775,南京熊猫
493,600774,汉商集团
494,600773,西藏城投
495,600771,广誉远
496,600770,综艺股份
497,600769,祥龙电业
498,600768,宁波富邦
499,600767,运盛医疗
500,600766,园城黄金
501,600765,中航重机
502,600764,中电广通
503,600763,通策医疗
504,600761,安徽合力
505,600759,洲际油气
506,600758,红阳能源
507,600757,长江传媒
508,600756,浪潮软件
509,600755,厦门国贸
510,600754,锦江股份
511,600753,东方银星
512,600751,天海投资
513,600750,江中药业
514,600749,西藏旅游
515,600748,上实发展
516,600747,大连控股
517,600746,江苏索普
518,600745,中茵股份
519,600744,华银电力
520,600743,华远地产
521,600742,一汽富维
522,600741,华域汽车
523,600740,山西焦化
524,600739,辽宁成大
525,600738,兰州民百
526,600737,中粮屯河
527,600736,苏州高新
528,600735,新华锦
529,600734,实达集团
530,600733,S前锋
531,600731,湖南海利
532,600730,中国高科
533,600729,重庆百货
534,600728,佳都科技
535,600727,鲁北化工
536,600726,华电能源
537,600724,宁波富达
538,600723,首商股份
539,600722,金牛化工
540,600720,祁连山
541,600719,大连热电
542,600718,东软集团
543,600717,天津港
544,600716,凤凰股份
545,600715,文投控股
546,600714,金瑞矿业
547,600713,南京医药
548,600712,南宁百货
549,600711,盛屯矿业
550,600708,光明地产
551,600707,彩虹股份
552,600706,曲江文旅
553,600705,中航资本
554,600704,物产中大
555,600703,三安光电
556,600702,沱牌舍得
557,600699,均胜电子
558,600698,湖南天雁
559,600697,欧亚集团
560,600696,匹凸匹
561,600695,绿庭投资
562,600694,大商股份
563,600693,东百集团
564,600692,亚通股份
565,600691,阳煤化工
566,600690,青岛海尔
567,600689,上海三毛
568,600688,上海石化
569,600687,刚泰控股
570,600686,金龙汽车
571,600685,中船防务
572,600684,珠江实业
573,600683,京投发展
574,600682,南京新百
575,600681,百川能源
576,600680,上海普天
577,600679,上海凤凰
578,600678,四川金顶
579,600677,航天通信
580,600676,交运股份
581,600674,川投能源
582,600673,东阳光科
583,600671,天目药业
584,600668,尖峰集团
585,600667,太极实业
586,600666,奥瑞德
587,600665,天地源
588,600664,哈药股份
589,600663,陆家嘴
590,600662,强生控股
591,600661,新南洋
592,600660,福耀玻璃
593,600658,电子城
594,600657,信达地产
595,600655,豫园商城
596,600654,中安消
597,600653,申华控股
598,600652,游久游戏
599,600651,飞乐音响
600,600650,锦江投资
601,600649,城投控股
602,600648,外高桥
603,600647,同达创业
604,600645,中源协和
605,600644,乐山电力
606,600643,爱建集团
607,600642,申能股份
608,600641,万业企业
609,600640,号百控股
610,600639,浦东金桥
611,600638,新黄浦
612,600637,东方明珠
613,600636,三爱富
614,600635,大众公用
615,600634,中技控股
616,600633,浙报传媒
617,600630,龙头股份
618,600629,华建集团
619,600628,新世界
620,600626,申达股份
621,600624,复旦复华
622,600623,华谊集团
623,600622,嘉宝集团
624,600621,华鑫股份
625,600620,天宸股份
626,600619,海立股份
627,600618,氯碱化工
628,600617,国新能源
629,600616,金枫酒业
630,600615,丰华股份
631,600614,鼎立股份
632,600613,神奇制药
633,600612,老凤祥
634,600611,大众交通
635,600610,中毅达
636,600609,金杯汽车
637,600608,上海科技
638,600606,绿地控股
639,600605,汇通能源
640,600604,市北高新
641,600602,云赛智联
642,600601,方正科技
643,600600,青岛啤酒
644,600599,熊猫金控
645,600598,北大荒
646,600597,光明乳业
647,600596,新安股份
648,600595,中孚实业
649,600594,益佰制药
650,600593,大连圣亚
651,600592,龙溪股份
652,600590,泰豪科技
653,600589,广东榕泰
654,600588,用友网络
655,600587,新华医疗
656,600586,金晶科技
657,600585,海螺水泥
658,600584,长电科技
659,600583,海油工程
660,600582,天地科技
661,600580,卧龙电气
662,600579,天华院
663,600578,京能电力
664,600577,精达股份
665,600576,万家文化
666,600575,皖江物流
667,600573,惠泉啤酒
668,600572,康恩贝
669,600571,信雅达
670,600570,恒生电子
671,600569,安阳钢铁
672,600568,中珠医疗
673,600567,山鹰纸业
674,600566,济川药业
675,600565,迪马股份
676,600563,法拉电子
677,600562,国睿科技
678,600561,江西长运
679,600560,金自天正
680,600559,老白干酒
681,600558,大西洋
682,600557,康缘药业
683,600555,海航创新
684,600552,凯盛科技
685,600551,时代出版
686,600550,保变电气
687,600549,厦门钨业
688,600548,深高速
689,600547,山东黄金
690,600545,新疆城建
691,600543,莫高股份
692,600540,新赛股份
693,600538,国发股份
694,600537,亿晶光电
695,600536,中国软件
696,600535,天士力
697,600533,栖霞建设
698,600532,宏达矿业
699,600531,豫光金铅
700,600530,交大昂立
701,600529,山东药玻
702,600528,中铁二局
703,600527,江南高纤
704,600526,菲达环保
705,600525,长园集团
706,600523,贵航股份
707,600522,中天科技
708,600521,华海药业
709,600519,贵州茅台
710,600518,康美药业
711,600517,置信电气
712,600516,方大炭素
713,600515,海航基础
714,600513,联环药业
715,600512,腾达建设
716,600511,国药股份
717,600510,黑牡丹
718,600509,天富能源
719,600508,上海能源
720,600507,方大特钢
721,600506,香梨股份
722,600505,西昌电力
723,600503,华丽家族
724,600502,安徽水利
725,600501,航天晨光
726,600500,中化国际
727,600499,科达洁能
728,600498,烽火通信
729,600497,驰宏锌锗
730,600496,精工钢构
731,600495,晋西车轴
732,600493,凤竹纺织
733,600491,龙元建设
734,600490,鹏欣资源
735,600489,中金黄金
736,600488,天药股份
737,600487,亨通光电
738,600486,扬农化工
739,600485,信威集团
740,600483,福能股份
741,600482,中国动力
742,600481,双良节能
743,600480,凌云股份
744,600479,千金药业
745,600478,科力远
746,600477,杭萧钢构
747,600476,湘邮科技
748,600475,华光股份
749,600470,六国化工
750,600469,风神股份
751,600468,百利电气
752,600467,好当家
753,600466,蓝光发展
754,600463,空港股份
755,600462,九有股份
756,600461,洪城水业
757,600460,士兰微
758,600459,贵研铂业
759,600458,时代新材
760,600456,宝钛股份
761,600455,博通股份
762,600452,涪陵电力
763,600449,宁夏建材
764,600448,华纺股份
765,600446,金证股份
766,600444,国机通用
767,600439,瑞贝卡
768,600438,通威股份
769,600436,片仔癀
770,600435,北方导航
771,600433,冠豪高新
772,600429,三元股份
773,600428,中远航运
774,600426,华鲁恒升
775,600425,青松建化
776,600423,柳化股份
777,600422,昆药集团
778,600421,仰帆控股
779,600420,现代制药
780,600419,天润乳业
781,600418,江淮汽车
782,600416,湘电股份
783,600415,小商品城
784,600410,华胜天成
785,600409,三友化工
786,600408,安泰集团
787,600406,国电南瑞
788,600405,动力源
789,600403,大有能源
790,600401,海润光伏
791,600400,红豆股份
792,600399,抚顺特钢
793,600398,海澜之家
794,600397,安源煤业
795,600396,金山股份
796,600395,盘江股份
797,600393,粤泰股份
798,600392,盛和资源
799,600391,成发科技
800,600389,江山股份
801,600388,龙净环保
802,600387,海越股份
803,600386,北巴传媒
804,600385,山东金泰
805,600383,金地集团
806,600382,广东明珠
807,600381,青海春天
808,600380,健康元
809,600379,宝光股份
810,600378,天科股份
811,600377,宁沪高速
812,600376,首开股份
813,600373,中文传媒
814,600372,中航电子
815,600371,万向德农
816,600370,三房巷
817,600369,西南证券
818,600368,五洲交通
819,600367,红星发展
820,600366,宁波韵升
821,600365,通葡股份
822,600363,联创光电
823,600362,江西铜业
824,600361,华联综超
825,600360,华微电子
826,600359,新农开发
827,600358,国旅联合
828,600356,恒丰纸业
829,600355,精伦电子
830,600354,敦煌种业
831,600353,旭光股份
832,600352,浙江龙盛
833,600351,亚宝药业
834,600350,山东高速
835,600348,阳泉煤业
836,600346,恒力股份
837,600345,长江通信
838,600343,航天动力
839,600340,华夏幸福
840,600338,西藏珠峰
841,600337,美克家居
842,600336,澳柯玛
843,600335,国机汽车
844,600333,长春燃气
845,600332,白云山
846,600331,宏达股份
847,600330,天通股份
848,600329,中新药业
849,600328,兰太实业
850,600327,大东方
851,600326,西藏天路
852,600325,华发股份
853,600323,瀚蓝环境
854,600322,天房发展
855,600321,国栋建设
856,600320,振华重工
857,600318,新力金融
858,600317,营口港
859,600316,洪都航空
860,600315,上海家化
861,600313,农发种业
862,600312,平高电气
863,600311,荣华实业
864,600310,桂东电力
865,600309,万华化学
866,600308,华泰股份
867,600307,酒钢宏兴
868,600305,恒顺醋业
869,600303,曙光股份
870,600302,标准股份
871,600300,维维股份
872,600299,安迪苏
873,600298,安琪酵母
874,600297,广汇汽车
875,600295,鄂尔多斯
876,600293,三峡新材
877,600292,远达环保
878,600291,西水股份
879,600290,华仪电气
880,600289,亿阳信通
881,600288,大恒科技
882,600287,江苏舜天
883,600285,羚锐制药
884,600284,浦东建设
885,600283,钱江水利
886,600282,南钢股份
887,600281,太化股份
888,600280,中央商场
889,600279,重庆港九
890,600278,东方创业
891,600277,亿利洁能
892,600276,恒瑞医药
893,600275,武昌鱼
894,600273,嘉化能源
895,600272,开开实业
896,600271,航天信息
897,600270,外运发展
898,600269,赣粤高速
899,600268,国电南自
900,600267,海正药业
901,600266,北京城建
902,600262,北方股份
903,600261,阳光照明
904,600260,凯乐科技
905,600259,广晟有色
906,600258,首旅酒店
907,600257,大湖股份
908,600256,广汇能源
909,600255,鑫科材料
910,600252,中恒集团
911,600251,冠农股份
912,600250,南纺股份
913,600249,两面针
914,600248,延长化建
915,600246,万通地产
916,600243,青海华鼎
917,600242,中昌数据
918,600241,时代万恒
919,600240,华业资本
920,600239,云南城投
921,600238,海南椰岛
922,600237,铜峰电子
923,600236,桂冠电力
924,600235,民丰特纸
925,600233,圆通速递
926,600232,金鹰股份
927,600231,凌钢股份
928,600229,城市传媒
929,600228,昌九生化
930,600227,赤天化
931,600226,升华拜克
932,600225,天津松江
933,600223,鲁商置业
934,600222,太龙药业
935,600221,海南航空
936,600220,江苏阳光
937,600219,南山铝业
938,600218,全柴动力
939,600217,中再资环
940,600216,浙江医药
941,600215,长春经开
942,600213,亚星客车
943,600211,西藏药业
944,600210,紫江企业
945,600209,罗顿发展
946,600208,新湖中宝
947,600207,安彩高科
948,600206,有研新材
949,600203,福日电子
950,600202,哈空调
951,600201,生物股份
952,600200,江苏吴中
953,600199,金种子酒
954,600198,大唐电信
955,600197,伊力特
956,600196,复星医药
957,600195,中牧股份
958,600193,创兴资源
959,600192,长城电工
960,600191,华资实业
961,600190,锦州港
962,600189,吉林森工
963,600188,兖州煤业
964,600187,国中水务
965,600186,莲花健康
966,600185,格力地产
967,600184,光电股份
968,600183,生益科技
969,600182,S佳通
970,600180,瑞茂通
971,600179,安通控股
972,600178,东安动力
973,600177,雅戈尔
974,600176,中国巨石
975,600175,美都能源
976,600173,卧龙地产
977,600172,黄河旋风
978,600171,上海贝岭
979,600170,上海建工
980,600169,太原重工
981,600168,武汉控股
982,600167,联美控股
983,600166,福田汽车
984,600165,新日恒力
985,600163,中闽能源
986,600162,香江控股
987,600161,天坛生物
988,600160,巨化股份
989,600159,大龙地产
990,600158,中体产业
991,600157,永泰能源
992,600156,华升股份
993,600155,宝硕股份
994,600153,建发股份
995,600152,维科精华
996,600151,航天机电
997,600150,中国船舶
998,600149,廊坊发展
999,600148,长春一东
1000,600146,商赢环球
1001,600143,金发科技
1002,600141,兴发集团
1003,600139,西部资源
1004,600138,中青旅
1005,600137,浪莎股份
1006,600136,当代明诚
1007,600135,乐凯胶片
1008,600133,东湖高新
1009,600132,重庆啤酒
1010,600131,岷江水电
1011,600130,波导股份
1012,600129,太极集团
1013,600128,弘业股份
1014,600127,金健米业
1015,600126,杭钢股份
1016,600125,铁龙物流
1017,600123,兰花科创
1018,600122,宏图高科
1019,600121,郑州煤电
1020,600120,浙江东方
1021,600119,长江投资
1022,600118,中国卫星
1023,600117,西宁特钢
1024,600116,三峡水利
1025,600115,东方航空
1026,600114,东睦股份
1027,600113,浙江东日
1028,600112,天成控股
1029,600111,北方稀土
1030,600110,诺德股份
1031,600109,国金证券
1032,600108,亚盛集团
1033,600107,美尔雅
1034,600106,重庆路桥
1035,600105,永鼎股份
1036,600104,上汽集团
1037,600103,青山纸业
1038,600101,明星电力
1039,600100,同方股份
1040,600099,林海股份
1041,600098,广州发展
1042,600097,开创国际
1043,600096,云天化
1044,600095,哈高科
1045,600094,大名城
1046,600093,禾嘉股份
1047,600090,同济堂
1048,600089,特变电工
1049,600088,中视传媒
1050,600086,东方金钰
1051,600085,同仁堂
1052,600084,中葡股份
1053,600083,博信股份
1054,600082,海泰发展
1055,600081,东风科技
1056,600080,金花股份
1057,600079,人福医药
1058,600078,澄星股份
1059,600077,宋都股份
1060,600076,康欣新材
1061,600075,新疆天业
1062,600074,保千里
1063,600073,上海梅林
1064,600072,钢构工程
1065,600071,凤凰光学
1066,600070,浙江富润
1067,600069,银鸽投资
1068,600068,葛洲坝
1069,600067,冠城大通
1070,600066,宇通客车
1071,600064,南京高科
1072,600063,皖维高新
1073,600062,华润双鹤
1074,600061,国投安信
1075,600060,海信电器
1076,600059,古越龙山
1077,600058,五矿发展
1078,600057,象屿股份
1079,600056,中国医药
1080,600055,万东医疗
1081,600054,黄山旅游
1082,600053,九鼎投资
1083,600052,浙江广厦
1084,600051,宁波联合
1085,600050,中国联通
1086,600048,保利地产
1087,600039,四川路桥
1088,600038,中直股份
1089,600037,歌华有线
1090,600036,招商银行
1091,600035,楚天高速
1092,600033,福建高速
1093,600031,三一重工
1094,600030,中信证券
1095,600029,南方航空
1096,600028,中国石化
1097,600027,华电国际
1098,600026,中海发展
1099,600023,浙能电力
1100,600022,山东钢铁
1101,600021,上海电力
1102,600020,中原高速
1103,600019,宝钢股份
1104,600018,上港集团
1105,600017,日照港
1106,600016,民生银行
1107,600015,华夏银行
1108,600012,皖通高速
1109,600011,华能国际
1110,600010,包钢股份
1111,600009,上海机场
1112,600008,首创股份
1113,600007,中国国贸
1114,600006,东风汽车
1115,600005,武钢股份
1116,600004,白云机场
1117,600000,浦发银行
1118,300567,精测电子
1119,300566,激智科技
1120,300565,科信技术
1121,300563,神宇股份
1122,300562,乐心医疗
1123,300561,汇金科技
1124,300560,中富通
1125,300559,佳发安泰
1126,300558,贝达药业
1127,300557,理工光科
1128,300556,丝路视觉
1129,300555,路通视信
1130,300553,集智股份
1131,300552,万集科技
1132,300551,古鳌科技
1133,300550,和仁科技
1134,300549,优德精密
1135,300548,博创科技
1136,300547,川环科技
1137,300546,雄帝科技
1138,300545,联得装备
1139,300543,朗科智能
1140,300542,新晨科技
1141,300541,先进数通
1142,300540,深冷股份
1143,300539,横河模具
1144,300538,同益股份
1145,300537,广信材料
1146,300536,农尚环境
1147,300535,达威股份
1148,300534,陇神戎发
1149,300533,冰川网络
1150,300532,今天国际
1151,300531,优博讯
1152,300530,达志科技
1153,300529,健帆生物
1154,300528,幸福蓝海
1155,300527,华舟应急
1156,300526,中潜股份
1157,300525,博思软件
1158,300523,辰安科技
1159,300522,世名科技
1160,300521,爱司凯
1161,300520,科大国创
1162,300519,新光药业
1163,300518,盛讯达
1164,300517,海波重科
1165,300516,久之洋
1166,300515,三德科技
1167,300513,恒泰实达
1168,300512,中亚股份
1169,300511,雪榕生物
1170,300510,金冠电气
1171,300509,新美星
1172,300508,维宏股份
1173,300507,苏奥传感
1174,300506,名家汇
1175,300505,川金诺
1176,300503,昊志机电
1177,300502,新易盛
1178,300501,海顺新材
1179,300500,苏州设计
1180,300499,高澜股份
1181,300498,温氏股份
1182,300497,富祥股份
1183,300496,中科创达
1184,300495,美尚生态
1185,300494,盛天网络
1186,300493,润欣科技
1187,300492,山鼎设计
1188,300491,通合科技
1189,300490,华自科技
1190,300489,中飞股份
1191,300488,恒锋工具
1192,300487,蓝晓科技
1193,300486,东杰智能
1194,300485,赛升药业
1195,300484,蓝海华腾
1196,300483,沃施股份
1197,300482,万孚生物
1198,300481,濮阳惠成
1199,300480,光力科技
1200,300479,神思电子
1201,300478,杭州高新
1202,300477,合纵科技
1203,300476,胜宏科技
1204,300475,聚隆科技
1205,300474,景嘉微
1206,300473,德尔股份
1207,300472,新元科技
1208,300471,厚普股份
1209,300470,日机密封
1210,300469,信息发展
1211,300468,四方精创
1212,300467,迅游科技
1213,300466,赛摩电气
1214,300465,高伟达
1215,300464,星徽精密
1216,300463,迈克生物
1217,300462,华铭智能
1218,300461,田中精机
1219,300460,惠伦晶体
1220,300459,金科娱乐
1221,300458,全志科技
1222,300457,赢合科技
1223,300456,耐威科技
1224,300455,康拓红外
1225,300453,三鑫医疗
1226,300452,山河药辅
1227,300451,创业软件
1228,300450,先导智能
1229,300449,汉邦高科
1230,300448,浩云科技
1231,300447,全信股份
1232,300446,乐凯新材
1233,300445,康斯特
1234,300444,双杰电气
1235,300443,金雷风电
1236,300442,普丽盛
1237,300441,鲍斯股份
1238,300440,运达科技
1239,300439,美康生物
1240,300438,鹏辉能源
1241,300437,清水源
1242,300436,广生堂
1243,300435,中泰股份
1244,300434,金石东方
1245,300433,蓝思科技
1246,300432,富临精工
1247,300431,暴风集团
1248,300430,诚益通
1249,300429,强力新材
1250,300428,四通新材
1251,300427,红相电力
1252,300426,唐德影视
1253,300425,环能科技
1254,300424,航新科技
1255,300423,鲁亿通
1256,300422,博世科
1257,300421,力星股份
1258,300420,五洋科技
1259,300419,浩丰科技
1260,300418,昆仑万维
1261,300417,南华仪器
1262,300416,苏试试验
1263,300415,伊之密
1264,300414,中光防雷
1265,300413,快乐购
1266,300412,迦南科技
1267,300411,金盾股份
1268,300410,正业科技
1269,300409,道氏技术
1270,300408,三环集团
1271,300407,凯发电气
1272,300406,九强生物
1273,300405,科隆精化
1274,300404,博济医药
1275,300403,地尔汉宇
1276,300402,宝色股份
1277,300401,花园生物
1278,300400,劲拓股份
1279,300399,京天利
1280,300398,飞凯材料
1281,300397,天和防务
1282,300396,迪瑞医疗
1283,300395,菲利华
1284,300394,天孚通信
1285,300393,中来股份
1286,300392,腾信股份
1287,300391,康跃科技
1288,300390,天华超净
1289,300389,艾比森
1290,300388,国祯环保
1291,300387,富邦股份
1292,300386,飞天诚信
1293,300385,雪浪环境
1294,300384,三联虹普
1295,300383,光环新网
1296,300382,斯莱克
1297,300381,溢多利
1298,300380,安硕信息
1299,300379,东方通
1300,300378,鼎捷软件
1301,300377,赢时胜
1302,300376,易事特
1303,300375,鹏翎股份
1304,300374,恒通科技
1305,300373,扬杰科技
1306,300372,欣泰电气
1307,300371,汇中股份
1308,300370,安控科技
1309,300369,绿盟科技
1310,300368,汇金股份
1311,300367,东方网力
1312,300366,创意信息
1313,300365,恒华科技
1314,300364,中文在线
1315,300363,博腾股份
1316,300362,天翔环境
1317,300360,炬华科技
1318,300359,全通教育
1319,300358,楚天科技
1320,300357,我武生物
1321,300356,光一科技
1322,300355,蒙草生态
1323,300354,东华测试
1324,300353,东土科技
1325,300352,北信源
1326,300351,永贵电器
1327,300350,华鹏飞
1328,300349,金卡股份
1329,300348,长亮科技
1330,300347,泰格医药
1331,300346,南大光电
1332,300345,红宇新材
1333,300344,太空板业
1334,300343,联创互联
1335,300342,天银机电
1336,300341,麦迪电气
1337,300340,科恒股份
1338,300339,润和软件
1339,300338,开元仪器
1340,300337,银邦股份
1341,300336,新文化
1342,300335,迪森股份
1343,300334,津膜科技
1344,300333,兆日科技
1345,300332,天壕环境
1346,300331,苏大维格
1347,300330,华虹计通
1348,300329,海伦钢琴
1349,300328,宜安科技
1350,300327,中颖电子
1351,300326,凯利泰
1352,300325,德威新材
1353,300324,旋极信息
1354,300323,华灿光电
1355,300322,硕贝德
1356,300321,同大股份
1357,300320,海达股份
1358,300319,麦捷科技
1359,300318,博晖创新
1360,300317,珈伟股份
1361,300316,晶盛机电
1362,300315,掌趣科技
1363,300314,戴维医疗
1364,300313,天山生物
1365,300312,邦讯技术
1366,300311,任子行
1367,300310,宜通世纪
1368,300309,吉艾科技
1369,300308,中际装备
1370,300307,慈星股份
1371,300306,远方光电
1372,300305,裕兴股份
1373,300304,云意电气
1374,300303,聚飞光电
1375,300302,同有科技
1376,300301,长方集团
1377,300300,汉鼎宇佑
1378,300299,富春通信
1379,300298,三诺生物
1380,300297,蓝盾股份
1381,300296,利亚德
1382,300295,三六五网
1383,300294,博雅生物
1384,300293,蓝英装备
1385,300292,吴通控股
1386,300291,华录百纳
1387,300290,荣科科技
1388,300289,利德曼
1389,300288,朗玛信息
1390,300287,飞利信
1391,300286,安科瑞
1392,300285,国瓷材料
1393,300284,苏交科
1394,300283,温州宏丰
1395,300282,汇冠股份
1396,300281,金明精机
1397,300280,南通锻压
1398,300279,和晶科技
1399,300278,华昌达
1400,300277,海联讯
1401,300276,三丰智能
1402,300275,梅安森
1403,300274,阳光电源
1404,300273,和佳股份
1405,300272,开能环保
1406,300271,华宇软件
1407,300270,中威电子
1408,300269,联建光电
1409,300268,万福生科
1410,300267,尔康制药
1411,300266,兴源环境
1412,300265,通光线缆
1413,300264,佳创视讯
1414,300263,隆华节能
1415,300262,巴安水务
1416,300261,雅本化学
1417,300260,新莱应材
1418,300259,新天科技
1419,300258,精锻科技
1420,300257,开山股份
1421,300256,星星科技
1422,300255,常山药业
1423,300254,仟源医药
1424,300253,卫宁健康
1425,300252,金信诺
1426,300251,光线传媒
1427,300250,初灵信息
1428,300249,依米康
1429,300248,新开普
1430,300247,乐金健康
1431,300246,宝莱特
1432,300245,天玑科技
1433,300244,迪安诊断
1434,300243,瑞丰高材
1435,300242,明家联合
1436,300241,瑞丰光电
1437,300240,飞力达
1438,300239,东宝生物
1439,300238,冠昊生物
1440,300237,美晨科技
1441,300236,上海新阳
1442,300235,方直科技
1443,300234,开尔新材
1444,300233,金城医药
1445,300232,洲明科技
1446,300231,银信科技
1447,300230,永利股份
1448,300229,拓尔思
1449,300228,富瑞特装
1450,300227,光韵达
1451,300226,上海钢联
1452,300225,金力泰
1453,300224,正海磁材
1454,300223,北京君正
1455,300222,科大智能
1456,300221,银禧科技
1457,300220,金运激光
1458,300219,鸿利智汇
1459,300218,安利股份
1460,300217,东方电热
1461,300216,千山药机
1462,300215,电科院
1463,300214,日科化学
1464,300213,佳讯飞鸿
1465,300212,易华录
1466,300211,亿通科技
1467,300210,森远股份
1468,300209,天泽信息
1469,300208,恒顺众昇
1470,300207,欣旺达
1471,300206,理邦仪器
1472,300205,天喻信息
1473,300204,舒泰神
1474,300203,聚光科技
1475,300202,聚龙股份
1476,300201,海伦哲
1477,300200,高盟新材
1478,300199,翰宇药业
1479,300198,纳川股份
1480,300197,铁汉生态
1481,300196,长海股份
1482,300195,长荣股份
1483,300194,福安药业
1484,300193,佳士科技
1485,300192,科斯伍德
1486,300191,潜能恒信
1487,300190,维尔利
1488,300189,神农基因
1489,300188,美亚柏科
1490,300187,永清环保
1491,300185,通裕重工
1492,300184,力源信息
1493,300183,东软载波
1494,300182,捷成股份
1495,300181,佐力药业
1496,300180,华峰超纤
1497,300179,四方达
1498,300178,腾邦国际
1499,300177,中海达
1500,300176,鸿特精密
1501,300175,朗源股份
1502,300174,元力股份
1503,300173,智慧松德
1504,300172,中电环保
1505,300171,东富龙
1506,300170,汉得信息
1507,300169,天晟新材
1508,300168,万达信息
1509,300167,迪威视讯
1510,300166,东方国信
1511,300165,天瑞仪器
1512,300164,通源石油
1513,300163,先锋新材
1514,300162,雷曼股份
1515,300161,华中数控
1516,300160,秀强股份
1517,300159,新研股份
1518,300158,振东制药
1519,300157,恒泰艾普
1520,300156,神雾环保
1521,300155,安居宝
1522,300154,瑞凌股份
1523,300153,科泰电源
1524,300152,科融环境
1525,300151,昌红科技
1526,300150,世纪瑞尔
1527,300149,量子高科
1528,300148,天舟文化
1529,300147,香雪制药
1530,300146,汤臣倍健
1531,300145,中金环境
1532,300144,宋城演艺
1533,300143,星河生物
1534,300142,沃森生物
1535,300141,和顺电气
1536,300140,启源装备
1537,300139,晓程科技
1538,300138,晨光生物
1539,300137,先河环保
1540,300136,信维通信
1541,300135,宝利国际
1542,300134,大富科技
1543,300133,华策影视
1544,300132,青松股份
1545,300131,英唐智控
1546,300130,新国都
1547,300129,泰胜风能
1548,300128,锦富新材
1549,300127,银河磁体
1550,300126,锐奇股份
1551,300125,易世达
1552,300124,汇川技术
1553,300123,太阳鸟
1554,300122,智飞生物
1555,300121,阳谷华泰
1556,300120,经纬电材
1557,300119,瑞普生物
1558,300118,东方日升
1559,300117,嘉寓股份
1560,300116,坚瑞沃能
1561,300115,长盈精密
1562,300114,中航电测
1563,300113,顺网科技
1564,300112,万讯自控
1565,300111,向日葵
1566,300110,华仁药业
1567,300109,新开源
1568,300108,双龙股份
1569,300107,建新股份
1570,300106,西部牧业
1571,300105,龙源技术
1572,300104,乐视网
1573,300103,达刚路机
1574,300102,乾照光电
1575,300101,振芯科技
1576,300100,双林股份
1577,300099,尤洛卡
1578,300098,高新兴
1579,300097,智云股份
1580,300096,易联众
1581,300095,华伍股份
1582,300094,国联水产
1583,300093,金刚玻璃
1584,300092,科新机电
1585,300091,金通灵
1586,300090,盛运环保
1587,300089,文化长城
1588,300088,长信科技
1589,300087,荃银高科
1590,300086,康芝药业
1591,300085,银之杰
1592,300084,海默科技
1593,300083,劲胜精密
1594,300082,奥克股份
1595,300081,恒信移动
1596,300080,易成新能
1597,300079,数码视讯
1598,300078,思创医惠
1599,300077,国民技术
1600,300076,GQY视讯
1601,300075,数字政通
1602,300074,华平股份
1603,300073,当升科技
1604,300072,三聚环保
1605,300071,华谊嘉信
1606,300070,碧水源
1607,300069,金利华电
1608,300068,南都电源
1609,300067,安诺其
1610,300066,三川智慧
1611,300065,海兰信
1612,300064,豫金刚石
1613,300063,天龙集团
1614,300062,中能电气
1615,300061,康耐特
1616,300059,东方财富
1617,300058,蓝色光标
1618,300057,万顺股份
1619,300056,三维丝
1620,300055,万邦达
1621,300054,鼎龙股份
1622,300053,欧比特
1623,300052,中青宝
1624,300051,三五互联
1625,300050,世纪鼎利
1626,300049,福瑞股份
1627,300048,合康变频
1628,300047,天源迪科
1629,300046,台基股份
1630,300045,华力创通
1631,300044,赛为智能
1632,300043,星辉娱乐
1633,300042,朗科科技
1634,300041,回天新材
1635,300040,九洲电气
1636,300039,上海凯宝
1637,300038,梅泰诺
1638,300037,新宙邦
1639,300036,超图软件
1640,300035,中科电气
1641,300034,钢研高纳
1642,300033,同花顺
1643,300032,金龙机电
1644,300031,宝通科技
1645,300030,阳普医疗
1646,300029,天龙光电
1647,300028,金亚科技
1648,300027,华谊兄弟
1649,300026,红日药业
1650,300025,华星创业
1651,300024,机器人
1652,300023,宝德股份
1653,300022,吉峰农机
1654,300021,大禹节水
1655,300020,银江股份
1656,300019,硅宝科技
1657,300018,中元股份
1658,300017,网宿科技
1659,300016,北陆药业
1660,300015,爱尔眼科
1661,300014,亿纬锂能
1662,300013,新宁物流
1663,300012,华测检测
1664,300011,鼎汉技术
1665,300010,立思辰
1666,300009,安科生物
1667,300008,天海防务
1668,300007,汉威电子
1669,300006,莱美药业
1670,300005,探路者
1671,300004,南风股份
1672,300003,乐普医疗
1673,300002,神州泰岳
1674,300001,特锐德
1675,002821,凯莱英
1676,002820,桂发祥
1677,002819,东方中科
1678,002818,富森美
1679,002817,黄山胶囊
1680,002816,和科达
1681,002815,崇达技术
1682,002813,路畅科技
1683,002812,创新股份
1684,002811,亚泰国际
1685,002810,山东赫达
1686,002809,红墙股份
1687,002808,苏州恒久
1688,002807,江阴银行
1689,002806,华锋股份
1690,002805,丰元股份
1691,002803,吉宏股份
1692,002802,洪汇新材
1693,002801,微光股份
1694,002800,天顺股份
1695,002799,环球印务
1696,002798,帝王洁具
1697,002797,第一创业
1698,002796,世嘉科技
1699,002795,永和智控
1700,002793,东音股份
1701,002792,通宇通讯
1702,002791,坚朗五金
1703,002790,瑞尔特
1704,002789,建艺集团
1705,002788,鹭燕医药
1706,002787,华源包装
1707,002786,银宝山新
1708,002785,万里石
1709,002783,凯龙股份
1710,002782,可立克
1711,002781,奇信股份
1712,002780,三夫户外
1713,002779,中坚科技
1714,002778,高科石化
1715,002777,久远银海
1716,002776,柏堡龙
1717,002775,文科园林
1718,002773,康弘药业
1719,002772,众兴菌业
1720,002771,真视通
1721,002770,科迪乳业
1722,002769,普路通
1723,002768,国恩股份
1724,002767,先锋电子
1725,002766,索菱股份
1726,002765,蓝黛传动
1727,002763,汇洁股份
1728,002762,金发拉比
1729,002761,多喜爱
1730,002760,凤形股份
1731,002759,天际股份
1732,002758,华通医药
1733,002757,南兴装备
1734,002756,永兴特钢
1735,002755,东方新星
1736,002753,永东股份
1737,002752,昇兴股份
1738,002751,易尚展示
1739,002750,龙津药业
1740,002749,国光股份
1741,002748,世龙实业
1742,002747,埃斯顿
1743,002746,仙坛股份
1744,002745,木林森
1745,002743,富煌钢构
1746,002742,三圣股份
1747,002741,光华科技
1748,002740,爱迪尔
1749,002739,万达院线
1750,002738,中矿资源
1751,002737,葵花药业
1752,002736,国信证券
1753,002735,王子新材
1754,002734,利民股份
1755,002733,雄韬股份
1756,002732,燕塘乳业
1757,002731,萃华珠宝
1758,002730,电光科技
1759,002729,好利来
1760,002728,特一药业
1761,002727,一心堂
1762,002726,龙大肉食
1763,002725,跃岭股份
1764,002724,海洋王
1765,002723,金莱特
1766,002722,金轮股份
1767,002721,金一文化
1768,002719,麦趣尔
1769,002718,友邦吊顶
1770,002717,岭南园林
1771,002716,金贵银业
1772,002715,登云股份
1773,002714,牧原股份
1774,002713,东易日盛
1775,002712,思美传媒
1776,002711,欧浦智网
1777,002709,天赐材料
1778,002708,光洋股份
1779,002707,众信旅游
1780,002706,良信电器
1781,002705,新宝股份
1782,002703,浙江世宝
1783,002702,海欣食品
1784,002701,奥瑞金
1785,002700,新疆浩源
1786,002699,美盛文化
1787,002698,博实股份
1788,002697,红旗连锁
1789,002696,百洋股份
1790,002695,煌上煌
1791,002694,顾地科技
1792,002693,双成药业
1793,002692,远程电缆
1794,002691,冀凯股份
1795,002690,美亚光电
1796,002689,远大智能
1797,002688,金河生物
1798,002687,乔治白
1799,002686,亿利达
1800,002685,华东重机
1801,002684,猛狮科技
1802,002683,宏大爆破
1803,002682,龙洲股份
1804,002681,奋达科技
1805,002680,长生生物
1806,002679,福建金森
1807,002678,珠江钢琴
1808,002677,浙江美大
1809,002676,顺威股份
1810,002675,东诚药业
1811,002674,兴业科技
1812,002673,西部证券
1813,002672,东江环保
1814,002671,龙泉股份
1815,002670,国盛金控
1816,002669,康达新材
1817,002668,奥马电器
1818,002667,鞍重股份
1819,002666,德联集团
1820,002665,首航节能
1821,002664,信质电机
1822,002663,普邦股份
1823,002662,京威股份
1824,002661,克明面业
1825,002660,茂硕电源
1826,002659,中泰桥梁
1827,002658,雪迪龙
1828,002657,中科金财
1829,002656,摩登大道
1830,002655,共达电声
1831,002654,万润科技
1832,002653,海思科
1833,002652,扬子新材
1834,002651,利君股份
1835,002650,加加食品
1836,002649,博彦科技
1837,002648,卫星石化
1838,002647,宏磊股份
1839,002646,青青稞酒
1840,002645,华宏科技
1841,002644,佛慈制药
1842,002643,万润股份
1843,002642,荣之联
1844,002641,永高股份
1845,002640,跨境通
1846,002639,雪人股份
1847,002638,勤上光电
1848,002637,赞宇科技
1849,002636,金安国纪
1850,002635,安洁科技
1851,002634,棒杰股份
1852,002633,申科股份
1853,002632,道明光学
1854,002631,德尔未来
1855,002630,华西能源
1856,002629,仁智股份
1857,002628,成都路桥
1858,002627,宜昌交运
1859,002626,金达威
1860,002625,龙生股份
1861,002624,完美世界
1862,002623,亚玛顿
1863,002622,融钰集团
1864,002621,三垒股份
1865,002620,瑞和股份
1866,002619,巨龙管业
1867,002618,丹邦科技
1868,002617,露笑科技
1869,002616,长青集团
1870,002615,哈尔斯
1871,002614,蒙发利
1872,002613,北玻股份
1873,002612,朗姿股份
1874,002611,东方精工
1875,002610,爱康科技
1876,002609,捷顺科技
1877,002608,*ST舜船
1878,002607,亚夏汽车
1879,002606,大连电瓷
1880,002605,姚记扑克
1881,002604,龙力生物
1882,002603,以岭药业
1883,002602,世纪华通
1884,002601,佰利联
1885,002600,江粉磁材
1886,002599,盛通股份
1887,002598,山东章鼓
1888,002597,金禾实业
1889,002596,海南瑞泽
1890,002595,豪迈科技
1891,002594,比亚迪
1892,002593,日上集团
1893,002592,八菱科技
1894,002591,恒大高新
1895,002590,万安科技
1896,002589,瑞康医药
1897,002588,史丹利
1898,002587,奥拓电子
1899,002586,围海股份
1900,002585,双星新材
1901,002584,西陇科学
1902,002583,海能达
1903,002582,好想你
1904,002581,未名医药
1905,002580,圣阳股份
1906,002579,中京电子
1907,002578,闽发铝业
1908,002577,雷柏科技
1909,002576,通达动力
1910,002575,群兴玩具
1911,002574,明牌珠宝
1912,002573,清新环境
1913,002572,索菲亚
1914,002571,德力股份
1915,002570,贝因美
1916,002569,步森股份
1917,002568,百润股份
1918,002567,唐人神
1919,002566,益盛药业
1920,002565,上海绿新
1921,002564,天沃科技
1922,002563,森马服饰
1923,002562,兄弟科技
1924,002561,徐家汇
1925,002560,通达股份
1926,002559,亚威股份
1927,002558,世纪游轮
1928,002557,洽洽食品
1929,002556,辉隆股份
1930,002555,三七互娱
1931,002554,惠博普
1932,002553,南方轴承
1933,002552,宝鼎科技
1934,002551,尚荣医疗
1935,002550,千红制药
1936,002549,凯美特气
1937,002548,金新农
1938,002547,春兴精工
1939,002546,新联电子
1940,002545,东方铁塔
1941,002544,杰赛科技
1942,002543,万和电气
1943,002542,中化岩土
1944,002541,鸿路钢构
1945,002540,亚太科技
1946,002539,云图控股
1947,002538,司尔特
1948,002537,海立美达
1949,002536,西泵股份
1950,002535,林州重机
1951,002534,杭锅股份
1952,002533,金杯电工
1953,002532,新界泵业
1954,002531,天顺风能
1955,002530,丰东股份
1956,002529,海源机械
1957,002528,英飞拓
1958,002527,新时达
1959,002526,山东矿机
1960,002524,光正集团
1961,002523,天桥起重
1962,002522,浙江众成
1963,002521,齐峰新材
1964,002520,日发精机
1965,002519,银河电子
1966,002518,科士达
1967,002517,恺英网络
1968,002516,旷达科技
1969,002515,金字火腿
1970,002514,宝馨科技
1971,002513,*ST蓝丰
1972,002512,达华智能
1973,002511,中顺洁柔
1974,002510,天汽模
1975,002509,天广中茂
1976,002508,老板电器
1977,002507,涪陵榨菜
1978,002506,协鑫集成
1979,002505,大康农业
1980,002504,弘高创意
1981,002503,搜于特
1982,002502,骅威文化
1983,002501,利源精制
1984,002500,山西证券
1985,002499,科林环保
1986,002498,汉缆股份
1987,002497,雅化集团
1988,002496,辉丰股份
1989,002495,佳隆股份
1990,002494,华斯股份
1991,002493,荣盛石化
1992,002492,恒基达鑫
1993,002491,通鼎互联
1994,002490,山东墨龙
1995,002489,浙江永强
1996,002488,金固股份
1997,002487,大金重工
1998,002486,嘉麟杰
1999,002485,希努尔
2000,002484,江海股份
2001,002483,润邦股份
2002,002482,广田集团
2003,002481,双塔食品
2004,002480,新筑股份
2005,002479,富春环保
2006,002478,常宝股份
2007,002477,雏鹰农牧
2008,002476,宝莫股份
2009,002475,立讯精密
2010,002474,榕基软件
2011,002473,圣莱达
2012,002472,双环传动
2013,002471,中超控股
2014,002470,金正大
2015,002469,三维工程
2016,002468,艾迪西
2017,002467,二六三
2018,002466,天齐锂业
2019,002465,海格通信
2020,002464,金利科技
2021,002463,沪电股份
2022,002462,嘉事堂
2023,002461,珠江啤酒
2024,002460,赣锋锂业
2025,002459,天业通联
2026,002458,益生股份
2027,002457,青龙管业
2028,002456,欧菲光
2029,002455,百川股份
2030,002454,松芝股份
2031,002453,天马精化
2032,002452,长高集团
2033,002451,摩恩电气
2034,002450,康得新
2035,002449,国星光电
2036,002448,中原内配
2037,002447,壹桥股份
2038,002446,盛路通信
2039,002445,中南文化
2040,002444,巨星科技
2041,002443,金洲管道
2042,002442,龙星化工
2043,002441,众业达
2044,002440,闰土股份
2045,002439,启明星辰
2046,002438,江苏神通
2047,002437,誉衡药业
2048,002436,兴森科技
2049,002435,长江润发
2050,002434,万里扬
2051,002433,太安堂
2052,002432,九安医疗
2053,002431,棕榈股份
2054,002430,杭氧股份
2055,002429,兆驰股份
2056,002428,云南锗业
2057,002427,尤夫股份
2058,002426,胜利精密
2059,002425,凯撒文化
2060,002424,贵州百灵
2061,002423,*ST中特
2062,002422,科伦药业
2063,002421,达实智能
2064,002420,毅昌股份
2065,002419,天虹商场
2066,002418,康盛股份
2067,002417,三元达
2068,002416,爱施德
2069,002415,海康威视
2070,002414,高德红外
2071,002413,雷科防务
2072,002412,汉森制药
2073,002411,必康股份
2074,002410,广联达
2075,002409,雅克科技
2076,002408,齐翔腾达
2077,002407,多氟多
2078,002406,远东传动
2079,002405,四维图新
2080,002404,嘉欣丝绸
2081,002403,爱仕达
2082,002402,和而泰
2083,002401,中海科技
2084,002400,省广股份
2085,002399,海普瑞
2086,002398,建研集团
2087,002397,梦洁股份
2088,002396,星网锐捷
2089,002395,双象股份
2090,002394,联发股份
2091,002393,力生制药
2092,002392,北京利尔
2093,002391,长青股份
2094,002390,信邦制药
2095,002389,南洋科技
2096,002388,新亚制程
2097,002387,黑牛食品
2098,002386,天原集团
2099,002385,大北农
2100,002384,东山精密
2101,002383,合众思壮
2102,002382,蓝帆医疗
2103,002381,双箭股份
2104,002380,科远股份
2105,002379,*ST鲁丰
2106,002378,章源钨业
2107,002377,国创高新
2108,002376,新北洋
2109,002375,亚厦股份
2110,002374,丽鹏股份
2111,002373,千方科技
2112,002372,伟星新材
2113,002371,七星电子
2114,002370,亚太药业
2115,002369,卓翼科技
2116,002368,太极股份
2117,002367,康力电梯
2118,002366,台海核电
2119,002365,永安药业
2120,002364,中恒电气
2121,002363,隆基机械
2122,002362,汉王科技
2123,002361,神剑股份
2124,002360,同德化工
2125,002359,齐星铁塔
2126,002358,森源电气
2127,002357,富临运业
2128,002356,赫美集团
2129,002355,兴民智通
2130,002354,天神娱乐
2131,002353,杰瑞股份
2132,002352,鼎泰新材
2133,002351,漫步者
2134,002350,北京科锐
2135,002349,精华制药
2136,002348,高乐股份
2137,002347,泰尔股份
2138,002346,柘中股份
2139,002345,潮宏基
2140,002344,海宁皮城
2141,002343,慈文传媒
2142,002342,巨力索具
2143,002341,新纶科技
2144,002340,格林美
2145,002339,积成电子
2146,002338,奥普光电
2147,002337,赛象科技
2148,002336,*ST人乐
2149,002335,科华恒盛
2150,002334,英威腾
2151,002333,罗普斯金
2152,002332,仙琚制药
2153,002331,皖通科技
2154,002330,得利斯
2155,002329,皇氏集团
2156,002328,新朋股份
2157,002327,富安娜
2158,002326,永太科技
2159,002325,洪涛股份
2160,002324,普利特
2161,002323,雅百特
2162,002322,理工环科
2163,002321,华英农业
2164,002320,海峡股份
2165,002319,乐通股份
2166,002318,久立特材
2167,002317,众生药业
2168,002316,键桥通讯
2169,002315,焦点科技
2170,002314,南山控股
2171,002313,日海通讯
2172,002312,三泰控股
2173,002311,海大集团
2174,002310,东方园林
2175,002309,中利科技
2176,002308,威创股份
2177,002307,北新路桥
2178,002306,中科云网
2179,002305,南国置业
2180,002304,洋河股份
2181,002303,美盈森
2182,002302,西部建设
2183,002301,齐心集团
2184,002300,太阳电缆
2185,002299,圣农发展
2186,002298,中电鑫龙
2187,002297,博云新材
2188,002296,辉煌科技
2189,002295,精艺股份
2190,002294,信立泰
2191,002293,罗莱生活
2192,002292,奥飞娱乐
2193,002291,星期六
2194,002290,禾盛新材
2195,002289,*ST宇顺
2196,002288,超华科技
2197,002287,奇正藏药
2198,002286,保龄宝
2199,002285,世联行
2200,002284,亚太股份
2201,002283,天润曲轴
2202,002282,博深工具
2203,002281,光迅科技
2204,002280,联络互动
2205,002279,久其软件
2206,002278,神开股份
2207,002277,友阿股份
2208,002276,万马股份
2209,002275,桂林三金
2210,002274,华昌化工
2211,002273,水晶光电
2212,002272,川润股份
2213,002271,东方雨虹
2214,002270,华明装备
2215,002269,美邦服饰
2216,002268,卫 士 通
2217,002267,陕天然气
2218,002266,浙富控股
2219,002265,西仪股份
2220,002264,新 华 都
2221,002263,大 东 南
2222,002262,恩华药业
2223,002261,拓维信息
2224,002260,德奥通航
2225,002259,升达林业
2226,002258,利尔化学
2227,002256,兆新股份
2228,002255,海陆重工
2229,002254,泰和新材
2230,002253,川大智胜
2231,002252,上海莱士
2232,002251,步 步 高
2233,002250,联化科技
2234,002249,大洋电机
2235,002248,华东数控
2236,002247,帝龙文化
2237,002246,北化股份
2238,002245,澳洋顺昌
2239,002244,滨江集团
2240,002243,通产丽星
2241,002242,九阳股份
2242,002241,歌尔股份
2243,002240,威华股份
2244,002239,奥特佳
2245,002238,天威视讯
2246,002237,恒邦股份
2247,002236,大华股份
2248,002235,安妮股份
2249,002234,民和股份
2250,002233,塔牌集团
2251,002232,启明信息
2252,002231,奥维通信
2253,002230,科大讯飞
2254,002229,鸿博股份
2255,002228,合兴包装
2256,002227,奥 特 迅
2257,002226,江南化工
2258,002225,濮耐股份
2259,002224,三 力 士
2260,002223,鱼跃医疗
2261,002222,福晶科技
2262,002221,东华能源
2263,002220,天宝股份
2264,002219,恒康医疗
2265,002218,拓日新能
2266,002217,合力泰
2267,002216,三全食品
2268,002215,诺 普 信
2269,002214,大立科技
2270,002213,特 尔 佳
2271,002212,南洋股份
2272,002211,宏达新材
2273,002210,飞马国际
2274,002209,达 意 隆
2275,002208,合肥城建
2276,002207,准油股份
2277,002206,海 利 得
2278,002205,国统股份
2279,002204,大连重工
2280,002203,海亮股份
2281,002202,金风科技
2282,002201,九鼎新材
2283,002200,云投生态
2284,002199,*ST东晶
2285,002198,嘉应制药
2286,002197,证通电子
2287,002196,方正电机
2288,002195,二三四五
2289,002194,武汉凡谷
2290,002193,山东如意
2291,002192,融捷股份
2292,002191,劲嘉股份
2293,002190,成飞集成
2294,002189,利达光电
2295,002188,巴士在线
2296,002187,广百股份
2297,002186,全 聚 德
2298,002185,华天科技
2299,002184,海得控制
2300,002183,怡 亚 通
2301,002182,云海金属
2302,002181,粤 传 媒
2303,002180,艾派克
2304,002179,中航光电
2305,002178,延华智能
2306,002177,御银股份
2307,002176,江特电机
2308,002175,东方网络
2309,002174,游族网络
2310,002173,*ST创疗
2311,002172,澳洋科技
2312,002171,楚江新材
2313,002170,芭田股份
2314,002169,智光电气
2315,002168,深圳惠程
2316,002167,东方锆业
2317,002166,莱茵生物
2318,002165,红 宝 丽
2319,002164,宁波东力
2320,002163,中航三鑫
2321,002162,悦心健康
2322,002161,远 望 谷
2323,002160,常铝股份
2324,002159,三特索道
2325,002158,汉钟精机
2326,002157,正邦科技
2327,002156,通富微电
2328,002155,湖南黄金
2329,002154,报 喜 鸟
2330,002153,石基信息
2331,002152,广电运通
2332,002151,北斗星通
2333,002150,通润装备
2334,002149,西部材料
2335,002148,北纬通信
2336,002147,新光圆成
2337,002146,荣盛发展
2338,002145,中核钛白
2339,002144,宏达高科
2340,002143,印纪传媒
2341,002142,宁波银行
2342,002141,蓉胜超微
2343,002140,东华科技
2344,002139,拓邦股份
2345,002138,顺络电子
2346,002137,麦达数字
2347,002136,安 纳 达
2348,002135,东南网架
2349,002134,天津普林
2350,002133,广宇集团
2351,002132,恒星科技
2352,002131,利欧股份
2353,002130,沃尔核材
2354,002129,中环股份
2355,002128,露天煤业
2356,002127,南极电商
2357,002126,银轮股份
2358,002125,湘潭电化
2359,002124,天邦股份
2360,002123,梦网荣信
2361,002122,天马股份
2362,002121,科陆电子
2363,002120,新海股份
2364,002119,康强电子
2365,002118,紫鑫药业
2366,002117,东港股份
2367,002116,中国海诚
2368,002115,三维通信
2369,002114,罗平锌电
2370,002113,天润数娱
2371,002112,三变科技
2372,002111,威海广泰
2373,002110,三钢闽光
2374,002109,*ST兴化
2375,002108,沧州明珠
2376,002107,沃华医药
2377,002106,莱宝高科
2378,002105,信隆健康
2379,002104,恒宝股份
2380,002103,广博股份
2381,002102,冠福股份
2382,002101,广东鸿图
2383,002100,天康生物
2384,002099,海翔药业
2385,002098,浔兴股份
2386,002097,山河智能
2387,002096,南岭民爆
2388,002095,生 意 宝
2389,002094,青岛金王
2390,002093,国脉科技
2391,002092,中泰化学
2392,002091,江苏国泰
2393,002090,金智科技
2394,002089,新 海 宜
2395,002088,鲁阳节能
2396,002087,新野纺织
2397,002086,东方海洋
2398,002085,万丰奥威
2399,002084,海鸥卫浴
2400,002083,孚日股份
2401,002082,栋梁新材
2402,002081,金 螳 螂
2403,002080,中材科技
2404,002079,苏州固锝
2405,002078,太阳纸业
2406,002077,大港股份
2407,002076,雪 莱 特
2408,002075,沙钢股份
2409,002074,国轩高科
2410,002073,软控股份
2411,002072,凯瑞德
2412,002071,长城影视
2413,002070,众和股份
2414,002069,*ST獐岛
2415,002068,黑猫股份
2416,002067,景兴纸业
2417,002066,瑞泰科技
2418,002065,东华软件
2419,002064,华峰氨纶
2420,002063,远光软件
2421,002062,宏润建设
2422,002061,*ST江化
2423,002060,粤 水 电
2424,002059,云南旅游
2425,002058,威 尔 泰
2426,002057,中钢天源
2427,002056,横店东磁
2428,002055,得润电子
2429,002054,德美化工
2430,002053,云南能投
2431,002052,同洲电子
2432,002051,中工国际
2433,002050,三花智控
2434,002049,紫光国芯
2435,002048,宁波华翔
2436,002047,宝鹰股份
2437,002046,轴研科技
2438,002045,国光电器
2439,002044,美年健康
2440,002043,兔 宝 宝
2441,002042,华孚色纺
2442,002041,登海种业
2443,002040,南 京 港
2444,002039,黔源电力
2445,002038,双鹭药业
2446,002037,久联发展
2447,002036,联创电子
2448,002035,华帝股份
2449,002034,美 欣 达
2450,002033,丽江旅游
2451,002032,苏 泊 尔
2452,002031,巨轮智能
2453,002030,达安基因
2454,002029,七 匹 狼
2455,002028,思源电气
2456,002027,分众传媒
2457,002026,山东威达
2458,002025,航天电器
2459,002024,苏宁云商
2460,002023,海特高新
2461,002022,科华生物
2462,002021,中捷资源
2463,002020,京新药业
2464,002019,亿帆医药
2465,002018,华信国际
2466,002017,东信和平
2467,002016,世荣兆业
2468,002015,霞客环保
2469,002014,永新股份
2470,002013,中航机电
2471,002012,凯恩股份
2472,002011,盾安环境
2473,002010,传化智联
2474,002009,天奇股份
2475,002008,大族激光
2476,002007,华兰生物
2477,002006,精功科技
2478,002005,德豪润达
2479,002004,华邦健康
2480,002003,伟星股份
2481,002002,鸿达兴业
2482,002001,新 和 成
2483,001979,招商蛇口
2484,001896,豫能控股
2485,001696,宗申动力
2486,000999,华润三九
2487,000998,隆平高科
2488,000997,新 大 陆
2489,000996,中国中期
2490,000995,*ST皇台
2491,000993,闽东电力
2492,000990,诚志股份
2493,000989,九 芝 堂
2494,000988,华工科技
2495,000987,越秀金控
2496,000985,大庆华科
2497,000983,西山煤电
2498,000982,中银绒业
2499,000981,银亿股份
2500,000980,金马股份
2501,000979,中弘股份
2502,000978,桂林旅游
2503,000977,浪潮信息
2504,000976,春晖股份
2505,000975,银泰资源
2506,000973,佛塑科技
2507,000972,中基健康
2508,000971,高升控股
2509,000970,中科三环
2510,000969,安泰科技
2511,000968,*ST煤气
2512,000967,盈峰环境
2513,000966,长源电力
2514,000965,天保基建
2515,000963,华东医药
2516,000962,*ST东钽
2517,000961,中南建设
2518,000960,锡业股份
2519,000959,首钢股份
2520,000958,东方能源
2521,000957,中通客车
2522,000955,欣龙控股
2523,000953,河池化工
2524,000952,广济药业
2525,000951,中国重汽
2526,000950,*ST建峰
2527,000949,新乡化纤
2528,000948,南天信息
2529,000939,凯迪生态
2530,000938,紫光股份
2531,000937,冀中能源
2532,000936,华西股份
2533,000935,四川双马
2534,000933,*ST神火
2535,000932,华菱钢铁
2536,000931,中 关 村
2537,000930,中粮生化
2538,000929,兰州黄河
2539,000928,中钢国际
2540,000927,一汽夏利
2541,000926,福星股份
2542,000925,众合科技
2543,000923,河北宣工
2544,000922,佳电股份
2545,000921,海信科龙
2546,000920,南方汇通
2547,000919,金陵药业
2548,000918,嘉凯城
2549,000917,电广传媒
2550,000916,华北高速
2551,000915,山大华特
2552,000913,*ST钱江
2553,000912,泸天化
2554,000911,南宁糖业
2555,000910,大亚圣象
2556,000909,数源科技
2557,000908,景峰医药
2558,000906,物产中拓
2559,000905,厦门港务
2560,000903,云内动力
2561,000902,新洋丰
2562,000901,航天科技
2563,000900,现代投资
2564,000899,赣能股份
2565,000898,鞍钢股份
2566,000897,津滨发展
2567,000895,双汇发展
2568,000893,东凌国际
2569,000892,星美联合
2570,000890,法 尔 胜
2571,000889,茂业通信
2572,000888,峨眉山Ａ
2573,000887,中鼎股份
2574,000886,海南高速
2575,000885,同力水泥
2576,000883,湖北能源
2577,000882,华联股份
2578,000881,大连国际
2579,000880,潍柴重机
2580,000878,云南铜业
2581,000877,天山股份
2582,000876,新 希 望
2583,000875,吉电股份
2584,000869,张 裕Ａ
2585,000868,安凯客车
2586,000863,三湘印象
2587,000862,银星能源
2588,000861,海印股份
2589,000860,顺鑫农业
2590,000859,国风塑业
2591,000858,五 粮 液
2592,000856,*ST冀装
2593,000852,石化机械
2594,000851,高鸿股份
2595,000850,华茂股份
2596,000848,承德露露
2597,000839,中信国安
2598,000838,财信发展
2599,000837,秦川机床
2600,000836,鑫茂科技
2601,000835,长城动漫
2602,000833,贵糖股份
2603,000831,*ST五稀
2604,000830,鲁西化工
2605,000829,天音控股
2606,000828,东莞控股
2607,000826,启迪桑德
2608,000825,太钢不锈
2609,000823,超声电子
2610,000822,山东海化
2611,000821,京山轻机
2612,000820,金城股份
2613,000819,岳阳兴长
2614,000818,方大化工
2615,000816,智慧农业
2616,000815,美利云
2617,000813,德展健康
2618,000812,陕西金叶
2619,000811,烟台冰轮
2620,000810,创维数字
2621,000809,铁岭新城
2622,000807,云铝股份
2623,000806,银河生物
2624,000803,金宇车城
2625,000802,北京文化
2626,000801,四川九洲
2627,000800,一汽轿车
2628,000799,酒鬼酒
2629,000798,中水渔业
2630,000797,中国武夷
2631,000796,凯撒旅游
2632,000795,英洛华
2633,000793,华闻传媒
2634,000792,盐湖股份
2635,000791,甘肃电投
2636,000790,泰合健康
2637,000789,万年青
2638,000788,北大医药
2639,000786,北新建材
2640,000785,武汉中商
2641,000783,长江证券
2642,000782,美达股份
2643,000780,平庄能源
2644,000779,三毛派神
2645,000778,新兴铸管
2646,000777,中核科技
2647,000776,广发证券
2648,000768,中航飞机
2649,000767,漳泽电力
2650,000766,通化金马
2651,000762,西藏矿业
2652,000761,本钢板材
2653,000760,斯太尔
2654,000759,中百集团
2655,000758,中色股份
2656,000757,浩物股份
2657,000756,新华制药
2658,000755,山西三维
2659,000753,漳州发展
2660,000752,西藏发展
2661,000751,锌业股份
2662,000750,国海证券
2663,000748,长城信息
2664,000739,普洛药业
2665,000738,中航动控
2666,000737,南风化工
2667,000736,中房地产
2668,000735,罗 牛 山
2669,000733,振华科技
2670,000732,泰禾集团
2671,000731,四川美丰
2672,000729,燕京啤酒
2673,000728,国元证券
2674,000727,华东科技
2675,000726,鲁 泰Ａ
2676,000725,京东方Ａ
2677,000723,美锦能源
2678,000722,湖南发展
2679,000721,西安饮食
2680,000720,新能泰山
2681,000719,大地传媒
2682,000718,苏宁环球
2683,000717,*ST韶钢
2684,000716,黑芝麻
2685,000715,中兴商业
2686,000713,丰乐种业
2687,000712,锦龙股份
2688,000711,京蓝科技
2689,000710,天兴仪表
2690,000709,河钢股份
2691,000708,大冶特钢
2692,000707,双环科技
2693,000705,浙江震元
2694,000703,恒逸石化
2695,000702,正虹科技
2696,000701,厦门信达
2697,000700,模塑科技
2698,000698,沈阳化工
2699,000697,炼石有色
2700,000695,滨海能源
2701,000693,ST华泽
2702,000692,惠天热电
2703,000691,ST亚太
2704,000690,宝新能源
2705,000688,建新矿业
2706,000687,华讯方舟
2707,000686,东北证券
2708,000685,中山公用
2709,000683,远兴能源
2710,000682,东方电子
2711,000681,视觉中国
2712,000680,山推股份
2713,000679,大连友谊
2714,000678,襄阳轴承
2715,000677,恒天海龙
2716,000676,智度股份
2717,000673,当代东方
2718,000672,上峰水泥
2719,000671,阳 光 城
2720,000670,*ST盈方
2721,000669,金鸿能源
2722,000668,荣丰控股
2723,000667,美好置业
2724,000666,经纬纺机
2725,000665,湖北广电
2726,000663,永安林业
2727,000662,天夏智慧
2728,000661,长春高新
2729,000659,珠海中富
2730,000657,中钨高新
2731,000656,金科股份
2732,000655,金岭矿业
2733,000652,泰达股份
2734,000651,格力电器
2735,000650,仁和药业
2736,000639,西王食品
2737,000638,万方发展
2738,000637,茂化实华
2739,000636,风华高科
2740,000635,英 力 特
2741,000633,*ST合金
2742,000632,三木集团
2743,000631,顺发恒业
2744,000630,铜陵有色
2745,000629,*ST钒钛
2746,000628,高新发展
2747,000627,天茂集团
2748,000626,远大控股
2749,000625,长安汽车
2750,000623,吉林敖东
2751,000622,*ST恒立
2752,000620,新华联
2753,000619,海螺型材
2754,000617,*ST济柴
2755,000616,海航投资
2756,000615,京汉股份
2757,000613,大东海A
2758,000612,焦作万方
2759,000611,*ST天首
2760,000610,西安旅游
2761,000609,绵石投资
2762,000608,阳光股份
2763,000607,华媒控股
2764,000606,*ST易桥
2765,000605,渤海股份
2766,000603,盛达矿业
2767,000601,韶能股份
2768,000600,建投能源
2769,000599,青岛双星
2770,000598,兴蓉环境
2771,000597,东北制药
2772,000596,古井贡酒
2773,000595,宝塔实业
2774,000593,大通燃气
2775,000592,平潭发展
2776,000591,太阳能
2777,000590,启迪古汉
2778,000589,黔轮胎Ａ
2779,000587,金洲慈航
2780,000586,汇源通信
2781,000585,东北电气
2782,000584,友利控股
2783,000582,北部湾港
2784,000581,威孚高科
2785,000576,广东甘化
2786,000573,粤宏远Ａ
2787,000572,海马汽车
2788,000571,新大洲Ａ
2789,000570,苏常柴Ａ
2790,000568,泸州老窖
2791,000567,海德股份
2792,000566,海南海药
2793,000565,渝三峡Ａ
2794,000564,西安民生
2795,000563,陕国投Ａ
2796,000561,烽火电子
2797,000560,昆百大Ａ
2798,000559,万向钱潮
2799,000558,莱茵体育
2800,000557,西部创业
2801,000555,神州信息
2802,000554,泰山石油
2803,000553,沙隆达Ａ
2804,000552,靖远煤电
2805,000551,创元科技
2806,000550,江铃汽车
2807,000548,湖南投资
2808,000547,航天发展
2809,000546,金圆股份
2810,000545,金浦钛业
2811,000544,中原环保
2812,000543,皖能电力
2813,000541,佛山照明
2814,000540,中天城投
2815,000539,粤电力Ａ
2816,000538,云南白药
2817,000537,广宇发展
2818,000536,华映科技
2819,000534,万泽股份
2820,000533,万 家 乐
2821,000532,力合股份
2822,000531,穗恒运Ａ
2823,000530,大冷股份
2824,000529,广弘控股
2825,000528,柳 工
2826,000526,紫光学大
2827,000525,红 太 阳
2828,000524,岭南控股
2829,000523,广州浪奇
2830,000521,美菱电器
2831,000520,长航凤凰
2832,000519,江南红箭
2833,000518,四环生物
2834,000517,荣安地产
2835,000516,国际医学
2836,000514,渝 开 发
2837,000513,丽珠集团
2838,000511,*ST烯碳
2839,000510,金路集团
2840,000509,华塑控股
2841,000507,珠海港
2842,000506,中润资源
2843,000505,*ST珠江
2844,000504,*ST生物
2845,000503,海虹控股
2846,000502,绿景控股
2847,000501,鄂武商Ａ
2848,000498,山东路桥
2849,000488,晨鸣纸业
2850,000430,张家界
2851,000429,粤高速Ａ
2852,000428,华天酒店
2853,000426,兴业矿业
2854,000425,徐工机械
2855,000423,东阿阿胶
2856,000422,湖北宜化
2857,000421,南京公用
2858,000420,吉林化纤
2859,000419,通程控股
2860,000418,小天鹅Ａ
2861,000417,合肥百货
2862,000416,民生控股
2863,000415,渤海金控
2864,000413,东旭光电
2865,000411,英特集团
2866,000410,沈阳机床
2867,000409,山东地矿
2868,000408,*ST金源
2869,000407,胜利股份
2870,000404,华意压缩
2871,000403,ST生化
2872,000402,金 融 街
2873,000401,冀东水泥
2874,000400,许继电气
2875,000338,潍柴动力
2876,000333,美的集团
2877,000301,东方市场
2878,000166,申万宏源
2879,000159,国际实业
2880,000158,常山股份
2881,000157,中联重科
2882,000156,华数传媒
2883,000155,*ST川化
2884,000153,丰原药业
2885,000151,中成股份
2886,000150,宜华健康
2887,000100,TCL 集团
2888,000099,中信海直
2889,000096,广聚能源
2890,000090,天健集团
2891,000089,深圳机场
2892,000088,盐 田 港
2893,000078,海王生物
2894,000070,特发信息
2895,000069,华侨城Ａ
2896,000068,华控赛格
2897,000066,长城电脑
2898,000065,北方国际
2899,000063,中兴通讯
2900,000062,深圳华强
2901,000061,农 产 品
2902,000060,中金岭南
2903,000059,华锦股份
2904,000058,深 赛 格
2905,000056,皇庭国际
2906,000055,方大集团
2907,000050,深天马Ａ
2908,000049,德赛电池
2909,000048,康达尔
2910,000046,泛海控股
2911,000045,深纺织Ａ
2912,000043,中航地产
2913,000042,中洲控股
2914,000040,东旭蓝天
2915,000039,中集集团
2916,000038,深大通
2917,000037,*ST南电A
2918,000036,华联控股
2919,000035,中国天楹
2920,000034,神州数码
2921,000032,深桑达Ａ
2922,000031,中粮地产
2923,000030,富奥股份
2924,000029,深深房Ａ
2925,000028,国药一致
2926,000027,深圳能源
2927,000026,飞亚达Ａ
2928,000025,特 力Ａ
2929,000023,深天地Ａ
2930,000022,深赤湾Ａ
2931,000021,深科技
2932,000020,深华发Ａ
2933,000019,深深宝Ａ
2934,000018,神州长城
2935,000017,深中华A
2936,000016,深康佳Ａ
2937,000014,沙河股份
2938,000012,南 玻Ａ
2939,000011,深物业A
2940,000010,美丽生态
2941,000009,中国宝安
2942,000008,神州高铁
2943,000007,全新好
2944,000006,深振业Ａ
2945,000005,世纪星源
2946,000004,国农科技
2947,000002,万 科Ａ
2948,000001,平安银行
