,code,name,area
0,002451,摩恩电气,上海
1,300226,上海钢联,上海
2,600816,安信信托,上海
3,603012,创力集团,上海
4,600833,第一医药,上海
5,600823,世茂股份,上海
6,002328,新朋股份,上海
7,601788,光大证券,上海
8,603887,城地股份,上海
9,600597,光明乳业,上海
10,300442,普丽盛,上海
11,600503,华丽家族,上海
12,300245,天玑科技,上海
13,002278,神开股份,上海
14,600612,老凤祥,上海
15,300129,泰胜风能,上海
16,300074,华平股份,上海
17,600517,置信电气,上海
18,600530,交大昂立,上海
19,600611,大众交通,上海
20,600026,中海发展,上海
21,600420,现代制药,上海
22,300253,卫宁健康,上海
23,600826,兰生股份,上海
24,002028,思源电气,上海
25,603868,飞科电器,上海
26,600601,方正科技,上海
27,600604,市北高新,上海
28,600650,锦江投资,上海
29,300462,华铭智能,上海
30,300551,古鳌科技,上海
31,603918,金桥信息,上海
32,600837,海通证券,上海
33,300017,网宿科技,上海
34,600819,耀皮玻璃,上海
35,600958,东方证券,上海
36,002454,松芝股份,上海
37,600094,大名城,上海
38,300483,沃施股份,上海
39,600641,万业企业,上海
40,002269,美邦服饰,上海
41,002022,科华生物,上海
42,600655,豫园商城,上海
43,603729,龙韵股份,上海
44,300225,金力泰,上海
45,002706,良信电器,上海
46,600665,天地源,上海
47,300378,鼎捷软件,上海
48,002568,百润股份,上海
49,600171,上海贝岭,上海
50,600836,界龙实业,上海
51,603009,北特科技,上海
52,600689,上海三毛,上海
53,600638,新黄浦,上海
54,603020,爱普股份,上海
55,600629,华建集团,上海
56,600196,复星医药,上海
57,600637,东方明珠,上海
58,300039,上海凯宝,上海
59,600748,上实发展,上海
60,600643,爱建集团,上海
61,600626,申达股份,上海
62,300336,新文化,上海
63,002058,威 尔 泰,上海
64,300501,海顺新材,上海
65,600616,金枫酒业,上海
66,600088,中视传媒,上海
67,002158,汉钟精机,上海
68,002506,协鑫集成,上海
69,601601,中国太保,上海
70,601328,交通银行,上海
71,600827,百联股份,上海
72,600618,氯碱化工,上海
73,600647,同达创业,上海
74,600315,上海家化,上海
75,300326,凯利泰,上海
76,600850,华东电脑,上海
77,603515,欧普照明,上海
78,300171,东富龙,上海
79,600019,宝钢股份,上海
80,600754,锦江股份,上海
81,600825,新华传媒,上海
82,600882,广泽股份,上海
83,601229,上海银行,上海
84,002162,悦心健康,上海
85,600272,开开实业,上海
86,600846,同济科技,上海
87,002527,新时达,上海
88,300380,安硕信息,上海
89,300286,安科瑞,上海
90,600635,大众公用,上海
91,600508,上海能源,上海
92,600642,申能股份,上海
93,600843,上工申贝,上海
94,600193,创兴资源,上海
95,600640,号百控股,上海
96,600050,中国联通,上海
97,600284,浦东建设,上海
98,000668,荣丰控股,上海
99,600620,天宸股份,上海
100,601211,国泰君安,上海
101,300330,华虹计通,上海
102,600851,海欣股份,上海
103,300153,科泰电源,上海
104,002116,中国海诚,上海
105,300067,安诺其,上海
106,600695,绿庭投资,上海
107,600895,张江高科,上海
108,600170,上海建工,上海
109,601607,上海医药,上海
110,600824,益民集团,上海
111,603030,全筑股份,上海
112,600628,新世界,上海
113,603003,龙宇燃油,上海
114,600490,鹏欣资源,上海
115,600606,绿地控股,上海
116,601616,广电电气,上海
117,300222,科大智能,上海
118,600119,长江投资,上海
119,601872,招商轮船,上海
120,600018,上港集团,上海
121,300236,上海新阳,上海
122,600651,飞乐音响,上海
123,600278,东方创业,上海
124,600820,隧道股份,上海
125,300061,康耐特,上海
126,600835,上海机电,上海
127,600844,丹化科技,上海
128,600834,申通地铁,上海
129,603131,上海沪工,上海
130,002605,姚记扑克,上海
131,603159,上海亚虹,上海
132,300469,信息发展,上海
133,002252,上海莱士,上海
134,600320,振华重工,上海
135,600073,上海梅林,上海
136,300008,天海防务,上海
137,600634,中技控股,上海
138,603189,网达软件,上海
139,600767,运盛医疗,上海
140,300508,维宏股份,上海
141,601519,大智慧,上海
142,000863,三湘印象,上海
143,300327,中颖电子,上海
144,600072,钢构工程,上海
145,600210,紫江企业,上海
146,600708,光明地产,上海
147,002401,中海科技,上海
148,600151,航天机电,上海
149,300272,开能环保,上海
150,603022,新通联,上海
151,600150,中国船舶,上海
152,600848,上海临港,上海
153,600614,鼎立股份,上海
154,600692,亚通股份,上海
155,002636,金安国纪,上海
156,002565,上海绿新,上海
157,002195,二三四五,上海
158,600822,上海物贸,上海
159,601595,上海电影,上海
160,600652,游久游戏,上海
161,601021,春秋航空,上海
162,600662,强生控股,上海
163,600623,华谊集团,上海
164,600696,匹凸匹,上海
165,601727,上海电气,上海
166,603718,海利生物,上海
167,300170,汉得信息,上海
168,300059,东方财富,上海
169,600741,华域汽车,上海
170,600676,交运股份,上海
171,600613,神奇制药,上海
172,300168,万达信息,上海
173,600818,中路股份,上海
174,600639,浦东金桥,上海
175,300493,润欣科技,上海
176,300126,锐奇股份,上海
177,002561,徐家汇,上海
178,600630,龙头股份,上海
179,601968,宝钢包装,上海
180,600622,嘉宝集团,上海
181,603128,华贸物流,上海
182,600610,中毅达,上海
183,600680,上海普天,上海
184,600115,东方航空,上海
185,603633,徕木股份,上海
186,600621,华鑫股份,上海
187,600648,外高桥,上海
188,600021,上海电力,上海
189,600732,*ST新梅,上海
190,002184,海得控制,上海
191,600605,汇通能源,上海
192,300262,巴安水务,上海
193,603885,吉祥航空,上海
194,603108,润达医疗,上海
195,600009,上海机场,上海
196,600500,中化国际,上海
197,002346,柘中股份,上海
198,300398,飞凯材料,上海
199,002486,嘉麟杰,上海
200,600679,上海凤凰,上海
201,600061,国投安信,上海
202,603987,康德莱,上海
203,603899,晨光文具,上海
204,600608,上海科技,上海
205,601231,环旭电子,上海
206,600688,上海石化,上海
207,600615,丰华股份,上海
208,600675,*ST中企,上海
209,600663,陆家嘴,上海
210,600661,新南洋,上海
211,600636,三爱富,上海
212,600602,云赛智联,上海
213,300180,华峰超纤,上海
214,300511,雪榕生物,上海
215,600104,上汽集团,上海
216,600654,中安消,上海
217,601866,中海集运,上海
218,600081,东风科技,上海
219,002178,延华智能,上海
220,300230,永利股份,上海
221,600000,浦发银行,上海
222,002669,康达新材,上海
223,603777,来伊份,上海
224,600097,开创国际,上海
225,600845,宝信软件,上海
226,002324,普利特,上海
227,600838,上海九百,上海
228,600624,复旦复华,上海
229,600653,申华控股,上海
230,600619,海立股份,上海
231,600649,城投控股,上海
232,603006,联明股份,上海
233,600841,上柴股份,上海
234,600995,文山电力,云南
235,600497,驰宏锌锗,云南
236,600096,云天化,云南
237,600792,云煤能源,云南
238,000807,云铝股份,云南
239,000560,昆百大Ａ,云南
240,600459,贵研铂业,云南
241,000960,锡业股份,云南
242,000948,南天信息,云南
243,601099,太平洋,云南
244,002059,云南旅游,云南
245,300505,川金诺,云南
246,600239,云南城投,云南
247,600806,*ST昆机,云南
248,600265,*ST景谷,云南
249,300142,沃森生物,云南
250,002750,龙津药业,云南
251,002114,罗平锌电,云南
252,000667,美好置业,云南
253,002265,西仪股份,云南
254,002200,云投生态,云南
255,000878,云南铜业,云南
256,002727,一心堂,云南
257,002428,云南锗业,云南
258,000538,云南白药,云南
259,600422,昆药集团,云南
260,000903,云内动力,云南
261,600883,博闻科技,云南
262,002812,创新股份,云南
263,002053,云南能投,云南
264,002033,丽江旅游,云南
265,600725,*ST云维,云南
266,002128,露天煤业,内蒙
267,300239,东宝生物,内蒙
268,000975,银泰资源,内蒙
269,300355,蒙草生态,内蒙
270,600291,西水股份,内蒙
271,600010,包钢股份,内蒙
272,300049,福瑞股份,内蒙
273,000683,远兴能源,内蒙
274,600262,北方股份,内蒙
275,000780,平庄能源,内蒙
276,002688,金河生物,内蒙
277,600328,兰太实业,内蒙
278,600988,赤峰黄金,内蒙
279,600967,北方创业,内蒙
280,000611,*ST天首,内蒙
281,600295,鄂尔多斯,内蒙
282,600191,华资实业,内蒙
283,600887,伊利股份,内蒙
284,000426,兴业矿业,内蒙
285,600863,内蒙华电,内蒙
286,600277,亿利洁能,内蒙
287,601216,君正集团,内蒙
288,600201,生物股份,内蒙
289,600091,ST明科,内蒙
290,600111,北方稀土,内蒙
291,002310,东方园林,北京
292,300073,当升科技,北京
293,002467,二六三,北京
294,300392,腾信股份,北京
295,603123,翠微股份,北京
296,601669,中国电建,北京
297,601989,中国重工,北京
298,603888,新华网,北京
299,002373,千方科技,北京
300,600361,华联综超,北京
301,601908,京运通,北京
302,600657,信达地产,北京
303,600299,安迪苏,北京
304,300383,光环新网,北京
305,300055,万邦达,北京
306,002701,奥瑞金,北京
307,000065,北方国际,北京
308,000938,紫光股份,北京
309,002362,汉王科技,北京
310,000798,中水渔业,北京
311,603377,东方时尚,北京
312,600166,福田汽车,北京
313,002405,四维图新,北京
314,300072,三聚环保,北京
315,601985,中国核电,北京
316,002186,全 聚 德,北京
317,300364,中文在线,北京
318,601766,中国中车,北京
319,300011,鼎汉技术,北京
320,600055,万东医疗,北京
321,601818,光大银行,北京
322,300485,赛升药业,北京
323,600270,外运发展,北京
324,300309,吉艾科技,北京
325,600246,万通地产,北京
326,600578,京能电力,北京
327,300010,立思辰,北京
328,601800,中国交建,北京
329,600118,中国卫星,北京
330,300251,光线传媒,北京
331,603979,金诚信,北京
332,600900,长江电力,北京
333,002573,清新环境,北京
334,300271,华宇软件,北京
335,601718,际华集团,北京
336,601588,北辰实业,北京
337,600058,五矿发展,北京
338,300005,探路者,北京
339,002371,七星电子,北京
340,601126,四方股份,北京
341,300157,恒泰艾普,北京
342,300384,三联虹普,北京
343,002279,久其软件,北京
344,601992,金隅股份,北京
345,300002,神州泰岳,北京
346,600730,中国高科,北京
347,600962,国投中鲁,北京
348,300182,捷成股份,北京
349,000786,北新建材,北京
350,601117,中国化学,北京
351,600723,首商股份,北京
352,002612,朗姿股份,北京
353,000008,神州高铁,北京
354,601558,华锐风电,北京
355,600007,中国国贸,北京
356,601398,工商银行,北京
357,603000,人民网,北京
358,600429,三元股份,北京
359,300289,利德曼,北京
360,002771,真视通,北京
361,002051,中工国际,北京
362,601988,中国银行,北京
363,002148,北纬通信,北京
364,300312,邦讯技术,北京
365,300166,东方国信,北京
366,300465,高伟达,北京
367,000402,金 融 街,北京
368,000605,渤海股份,北京
369,300296,利亚德,北京
370,300370,安控科技,北京
371,002713,东易日盛,北京
372,000969,安泰科技,北京
373,601111,中国国航,北京
374,002368,太极股份,北京
375,000860,顺鑫农业,北京
376,000046,泛海控股,北京
377,600861,北京城乡,北京
378,600871,石化油服,北京
379,000838,财信发展,北京
380,600028,中国石化,北京
381,002153,石基信息,北京
382,300324,旋极信息,北京
383,300367,东方网力,北京
384,600886,国投电力,北京
385,002657,中科金财,北京
386,600011,华能国际,北京
387,600743,华远地产,北京
388,300369,绿盟科技,北京
389,002642,荣之联,北京
390,600405,动力源,北京
391,600016,民生银行,北京
392,601288,农业银行,北京
393,000802,北京文化,北京
394,002599,盛通股份,北京
395,300444,双杰电气,北京
396,002439,启明星辰,北京
397,300472,新元科技,北京
398,002066,瑞泰科技,北京
399,601857,中国石油,北京
400,601336,新华保险,北京
401,600062,华润双鹤,北京
402,300038,梅泰诺,北京
403,002665,首航节能,北京
404,300212,易华录,北京
405,300070,碧水源,北京
406,000758,中色股份,北京
407,000931,中 关 村,北京
408,600085,同仁堂,北京
409,300431,暴风集团,北京
410,300418,昆仑万维,北京
411,600159,大龙地产,北京
412,300445,康斯特,北京
413,603859,能科股份,北京
414,300523,辰安科技,北京
415,002658,雪迪龙,北京
416,603025,大豪科技,北京
417,300302,同有科技,北京
418,601618,中国中冶,北京
419,600588,用友网络,北京
420,002271,东方雨虹,北京
421,601939,建设银行,北京
422,300156,神雾环保,北京
423,601611,中国核建,北京
424,603818,曲美家居,北京
425,002392,北京利尔,北京
426,600791,京能置业,北京
427,600195,中牧股份,北京
428,000882,华联股份,北京
429,000916,华北高速,北京
430,000959,首钢股份,北京
431,600288,大恒科技,北京
432,601668,中国建筑,北京
433,000603,盛达矿业,北京
434,300332,天壕环境,北京
435,601169,北京银行,北京
436,600582,天地科技,北京
437,601600,中国铝业,北京
438,601888,中国国旅,北京
439,600271,航天信息,北京
440,600489,中金黄金,北京
441,300386,飞天诚信,北京
442,002554,惠博普,北京
443,300344,太空板业,北京
444,300016,北陆药业,北京
445,000666,经纬纺机,北京
446,600198,大唐电信,北京
447,002065,东华软件,北京
448,300058,蓝色光标,北京
449,603616,韩建河山,北京
450,600658,电子城,北京
451,600015,华夏银行,北京
452,000609,绵石投资,北京
453,000729,燕京啤酒,北京
454,002410,广联达,北京
455,601198,东兴证券,北京
456,603569,长久物流,北京
457,002542,中化岩土,北京
458,002504,弘高创意,北京
459,603588,高能环境,北京
460,600008,首创股份,北京
461,600977,中国电影,北京
462,002350,北京科锐,北京
463,002151,北斗星通,北京
464,600313,农发种业,北京
465,000996,中国中期,北京
466,600376,首开股份,北京
467,600855,航天长峰,北京
468,300213,佳讯飞鸿,北京
469,002662,京威股份,北京
470,601186,中国铁建,北京
471,600536,中国软件,北京
472,300223,北京君正,北京
473,002755,东方新星,北京
474,600764,中电广通,北京
475,300282,汇冠股份,北京
476,002819,东方中科,北京
477,300352,北信源,北京
478,300318,博晖创新,北京
479,300353,东土科技,北京
480,300374,恒通科技,北京
481,603598,引力传媒,北京
482,300419,浩丰科技,北京
483,300449,汉邦高科,北京
484,300477,合纵科技,北京
485,603098,森特股份,北京
486,300496,中科创达,北京
487,300513,恒泰实达,北京
488,603060,国检集团,北京
489,600859,王府井,北京
490,002739,万达院线,北京
491,300200,高盟新材,北京
492,600890,中房股份,北京
493,002780,三夫户外,北京
494,601886,江河集团,北京
495,002383,合众思壮,北京
496,300315,掌趣科技,北京
497,300139,晓程科技,北京
498,002649,博彦科技,北京
499,002462,嘉事堂,北京
500,601088,中国神华,北京
501,600860,京城股份,北京
502,600100,同方股份,北京
503,600056,中国医药,北京
504,600980,北矿科技,北京
505,603778,乾景园林,北京
506,300191,潜能恒信,北京
507,300365,恒华科技,北京
508,603986,兆易创新,北京
509,002721,金一文化,北京
510,601991,大唐发电,北京
511,002738,中矿资源,北京
512,300071,华谊嘉信,北京
513,601101,昊华能源,北京
514,601016,节能风电,北京
515,300150,世纪瑞尔,北京
516,600463,空港股份,北京
517,600372,中航电子,北京
518,300003,乐普医疗,北京
519,601998,中信银行,北京
520,300045,华力创通,北京
521,300117,嘉寓股份,北京
522,601390,中国中铁,北京
523,300075,数字政通,北京
524,300065,海兰信,北京
525,600560,金自天正,北京
526,601226,华电重工,北京
527,300104,乐视网,北京
528,002707,众信旅游,北京
529,300079,数码视讯,北京
530,600206,有研新材,北京
531,300048,合康变频,北京
532,600266,北京城建,北京
533,600410,华胜天成,北京
534,300229,拓尔思,北京
535,300399,京天利,北京
536,300287,飞利信,北京
537,300541,先进数通,北京
538,600138,中青旅,北京
539,300552,万集科技,北京
540,300456,耐威科技,北京
541,002038,双鹭药业,北京
542,000970,中科三环,北京
543,300406,九强生物,北京
544,601898,中煤能源,北京
545,300204,舒泰神,北京
546,601628,中国人寿,北京
547,600435,北方导航,北京
548,002385,大北农,北京
549,600258,首旅酒店,北京
550,300430,诚益通,北京
551,000725,京东方Ａ,北京
552,600485,信威集团,北京
553,300542,新晨科技,北京
554,002306,中科云网,北京
555,600386,北巴传媒,北京
556,300379,东方通,北京
557,600161,天坛生物,北京
558,000620,新华联,北京
559,000839,中信国安,北京
560,300291,华录百纳,北京
561,600240,华业资本,北京
562,600511,国药股份,北京
563,000151,中成股份,北京
564,300231,银信科技,北京
565,300455,康拓红外,北京
566,300036,超图软件,北京
567,603698,航天工程,北京
568,600037,歌华有线,北京
569,300034,钢研高纳,北京
570,002338,奥普光电,吉林
571,603099,长白山,吉林
572,000875,吉电股份,吉林
573,300108,双龙股份,吉林
574,600867,通化东宝,吉林
575,600856,中天能源,吉林
576,002622,融钰集团,吉林
577,600189,吉林森工,吉林
578,600148,长春一东,吉林
579,600365,通葡股份,吉林
580,300510,金冠电气,吉林
581,000546,金圆股份,吉林
582,600432,*ST吉恩,吉林
583,000661,长春高新,吉林
584,000545,金浦钛业,吉林
585,601518,吉林高速,吉林
586,000631,顺发恒业,吉林
587,600333,长春燃气,吉林
588,002118,紫鑫药业,吉林
589,002566,益盛药业,吉林
590,000623,吉林敖东,吉林
591,000800,一汽轿车,吉林
592,300396,迪瑞医疗,吉林
593,600697,欧亚集团,吉林
594,000420,吉林化纤,吉林
595,000766,通化金马,吉林
596,000669,金鸿能源,吉林
597,002232,启明信息,吉林
598,000718,苏宁环球,吉林
599,600215,长春经开,吉林
600,600742,一汽富维,吉林
601,600881,亚泰集团,吉林
602,600110,诺德股份,吉林
603,600360,华微电子,吉林
604,000030,富奥股份,吉林
605,000686,东北证券,吉林
606,600247,ST成城,吉林
607,002501,利源精制,吉林
608,601929,吉视传媒,吉林
609,000928,中钢国际,吉林
610,002466,天齐锂业,四川
611,300019,硅宝科技,四川
612,000628,高新发展,四川
613,600880,博瑞传播,四川
614,002312,三泰控股,四川
615,600979,广安爱众,四川
616,600353,旭光股份,四川
617,300127,银河磁体,四川
618,600644,乐山电力,四川
619,300559,佳发安泰,四川
620,600391,成发科技,四川
621,300492,山鼎设计,四川
622,600131,岷江水电,四川
623,002268,卫 士 通,四川
624,600674,川投能源,四川
625,600321,国栋建设,四川
626,002357,富临运业,四川
627,603077,和邦生物,四川
628,300440,运达科技,四川
629,600505,西昌电力,四川
630,600678,四川金顶,四川
631,000731,四川美丰,四川
632,002366,台海核电,四川
633,000568,泸州老窖,四川
634,300028,金亚科技,四川
635,002798,帝王洁具,四川
636,600093,禾嘉股份,四川
637,300366,创意信息,四川
638,002497,雅化集团,四川
639,600378,天科股份,四川
640,300463,迈克生物,四川
641,000155,*ST川化,四川
642,600331,宏达股份,四川
643,002818,富森美,四川
644,002480,新筑股份,四川
645,600039,四川路桥,四川
646,002628,成都路桥,四川
647,000629,*ST钒钛,四川
648,600438,通威股份,四川
649,600828,茂业商业,四川
650,600558,大西洋,四川
651,601811,新华文轩,四川
652,601107,四川成渝,四川
653,300471,厚普股份,四川
654,000876,新 希 望,四川
655,002422,科伦药业,四川
656,000912,泸天化,四川
657,300425,环能科技,四川
658,600733,S前锋,四川
659,002749,国光股份,四川
660,300547,川环科技,四川
661,000935,四川双马,四川
662,600793,宜宾纸业,四川
663,600804,鹏博士,四川
664,600139,西部资源,四川
665,300502,新易盛,四川
666,002253,川大智胜,四川
667,601208,东材科技,四川
668,600466,蓝光发展,四川
669,002246,北化股份,四川
670,000803,金宇车城,四川
671,002190,成飞集成,四川
672,002259,升达林业,四川
673,300540,深冷股份,四川
674,000586,汇源通信,四川
675,002777,久远银海,四川
676,300414,中光防雷,四川
677,002023,海特高新,四川
678,300535,达威股份,四川
679,000835,长城动漫,四川
680,002143,印纪传媒,四川
681,000598,兴蓉环境,四川
682,300467,迅游科技,四川
683,002258,利尔化学,四川
684,600702,沱牌舍得,四川
685,002539,云图控股,四川
686,300249,依米康,四川
687,002272,川润股份,四川
688,600528,中铁二局,四川
689,300092,科新机电,四川
690,300101,振芯科技,四川
691,600875,东方电气,四川
692,603333,明星电缆,四川
693,000810,创维数字,四川
694,300362,天翔环境,四川
695,000510,金路集团,四川
696,000888,峨眉山Ａ,四川
697,300470,日机密封,四川
698,300434,金石东方,四川
699,300022,吉峰农机,四川
700,600109,国金证券,四川
701,000693,ST华泽,四川
702,300432,富临精工,四川
703,600779,水井坊,四川
704,002651,利君股份,四川
705,000858,五 粮 液,四川
706,002697,红旗连锁,四川
707,000509,华塑控股,四川
708,603027,千禾味业,四川
709,002773,康弘药业,四川
710,000757,浩物股份,四川
711,002386,天原集团,四川
712,600839,四川长虹,四川
713,000710,天兴仪表,四川
714,002630,华西能源,四川
715,000593,大通燃气,四川
716,600137,浪莎股份,四川
717,600101,明星电力,四川
718,000801,四川九洲,四川
719,000790,泰合健康,四川
720,600225,天津松江,天津
721,600800,天津磁卡,天津
722,603126,中材节能,天津
723,600488,天药股份,天津
724,600583,海油工程,天津
725,600322,天房发展,天津
726,603019,中科曙光,天津
727,000965,天保基建,天津
728,600717,天津港,天津
729,002337,赛象科技,天津
730,002510,天汽模,天津
731,300119,瑞普生物,天津
732,601808,中海油服,天津
733,300026,红日药业,天津
734,600535,天士力,天津
735,300120,经纬电材,天津
736,300195,长荣股份,天津
737,000836,鑫茂科技,天津
738,600468,百利电气,天津
739,603969,银龙股份,天津
740,600787,中储股份,天津
741,002129,中环股份,天津
742,002134,天津普林,天津
743,600082,海泰发展,天津
744,601919,中国远洋,天津
745,600329,中新药业,天津
746,002432,九安医疗,天津
747,000897,津滨发展,天津
748,600874,创业环保,天津
749,600158,中体产业,天津
750,002821,凯莱英,天津
751,300407,凯发电气,天津
752,600645,中源协和,天津
753,000927,一汽夏利,天津
754,300375,鹏翎股份,天津
755,600335,国机汽车,天津
756,002820,桂发祥,天津
757,000652,泰达股份,天津
758,002393,力生制药,天津
759,603727,博迈科,天津
760,000537,广宇发展,天津
761,600751,天海投资,天津
762,300334,津膜科技,天津
763,600821,津劝业,天津
764,000695,滨海能源,天津
765,002457,青龙管业,宁夏
766,600449,宁夏建材,宁夏
767,000595,宝塔实业,宁夏
768,000862,银星能源,宁夏
769,000557,西部创业,宁夏
770,600785,新华百货,宁夏
771,000815,美利云,宁夏
772,600146,商赢环球,宁夏
773,000982,中银绒业,宁夏
774,000962,*ST东钽,宁夏
775,600165,新日恒力,宁夏
776,000635,英 力 特,宁夏
777,603589,口子窖,安徽
778,002171,楚江新材,安徽
779,002057,中钢天源,安徽
780,300475,聚隆科技,安徽
781,600585,海螺水泥,安徽
782,000930,中粮生化,安徽
783,000887,中鼎股份,安徽
784,002298,中电鑫龙,安徽
785,600054,黄山旅游,安徽
786,000713,丰乐种业,安徽
787,600012,皖通高速,安徽
788,002541,鸿路钢构,安徽
789,000859,国风塑业,安徽
790,300218,安利股份,安徽
791,300274,阳光电源,安徽
792,600552,凯盛科技,安徽
793,600577,精达股份,安徽
794,603199,九华旅游,安徽
795,600063,皖维高新,安徽
796,603599,广信股份,安徽
797,300087,荃银高科,安徽
798,002230,科大讯飞,安徽
799,300388,国祯环保,安徽
800,000630,铜陵有色,安徽
801,002538,司尔特,安徽
802,600520,*ST中发,安徽
803,002690,美亚光电,安徽
804,002760,凤形股份,安徽
805,603308,应流股份,安徽
806,600761,安徽合力,安徽
807,002208,合肥城建,安徽
808,002014,永新股份,安徽
809,600496,精工钢构,安徽
810,600567,山鹰纸业,安徽
811,300247,乐金健康,安徽
812,002347,泰尔股份,安徽
813,600237,铜峰电子,安徽
814,300088,长信科技,安徽
815,300009,安科生物,安徽
816,002352,鼎泰新材,安徽
817,002743,富煌钢构,安徽
818,000980,金马股份,安徽
819,600808,马钢股份,安徽
820,600444,国机通用,安徽
821,600990,四创电子,安徽
822,002136,安 纳 达,安徽
823,002226,江南化工,安徽
824,000596,古井贡酒,安徽
825,600375,*ST星马,安徽
826,000521,美菱电器,安徽
827,000979,中弘股份,安徽
828,600318,新力金融,安徽
829,600983,惠而浦,安徽
830,601918,*ST新集,安徽
831,002042,华孚色纺,安徽
832,601801,皖新传媒,安徽
833,002607,亚夏汽车,安徽
834,002140,东华科技,安徽
835,300452,山河药辅,安徽
836,600985,雷鸣科化,安徽
837,603198,迎驾贡酒,安徽
838,600551,时代出版,安徽
839,002331,皖通科技,安徽
840,300520,科大国创,安徽
841,002556,辉隆股份,安徽
842,002147,新光圆成,安徽
843,600218,全柴动力,安徽
844,002817,黄山胶囊,安徽
845,000543,皖能电力,安徽
846,600502,安徽水利,安徽
847,002555,三七互娱,安徽
848,002557,洽洽食品,安徽
849,600909,华安证券,安徽
850,600199,金种子酒,安徽
851,002597,金禾实业,安徽
852,000850,华茂股份,安徽
853,600255,鑫科材料,安徽
854,603011,合锻智能,安徽
855,600418,江淮汽车,安徽
856,600470,六国化工,安徽
857,000417,合肥百货,安徽
858,002018,华信国际,安徽
859,000619,海螺型材,安徽
860,000868,安凯客车,安徽
861,002571,德力股份,安徽
862,300090,盛运环保,安徽
863,600575,皖江物流,安徽
864,002361,神剑股份,安徽
865,000153,丰原药业,安徽
866,000728,国元证券,安徽
867,600971,恒源煤电,安徽
868,603031,安德利,安徽
869,002283,天润曲轴,山东
870,603029,天鹅股份,山东
871,000554,泰山石油,山东
872,000639,西王食品,山东
873,002768,国恩股份,山东
874,002470,金正大,山东
875,000915,山大华特,山东
876,002242,九阳股份,山东
877,000599,青岛双星,山东
878,002234,民和股份,山东
879,002072,凯瑞德,山东
880,002604,龙力生物,山东
881,002094,青岛金王,山东
882,002490,山东墨龙,山东
883,002088,鲁阳节能,山东
884,300308,中际装备,山东
885,300423,鲁亿通,山东
886,600319,*ST亚星,山东
887,002353,杰瑞股份,山东
888,000830,鲁西化工,山东
889,300479,神思电子,山东
890,600350,山东高速,山东
891,002330,得利斯,山东
892,002526,山东矿机,山东
893,002248,华东数控,山东
894,002675,东诚药业,山东
895,000880,潍柴重机,山东
896,603223,恒通股份,山东
897,002241,歌尔股份,山东
898,300185,通裕重工,山东
899,600960,渤海活塞,山东
900,600467,好当家,山东
901,600807,天业股份,山东
902,603708,家家悦,山东
903,002355,兴民智通,山东
904,000416,民生控股,山东
905,002237,恒邦股份,山东
906,600727,鲁北化工,山东
907,002595,豪迈科技,山东
908,002498,汉缆股份,山东
909,002598,山东章鼓,山东
910,600219,南山铝业,山东
911,000756,新华制药,山东
912,002589,瑞康医药,山东
913,002537,海立美达,山东
914,600212,*ST江泉,山东
915,600076,康欣新材,山东
916,600448,华纺股份,山东
917,002476,宝莫股份,山东
918,002363,隆基机械,山东
919,600309,万华化学,山东
920,600060,海信电器,山东
921,000869,张 裕Ａ,山东
922,300569,N天能,山东
923,002521,齐峰新材,山东
924,002217,合力泰,山东
925,300443,金雷风电,山东
926,002111,威海广泰,山东
927,002083,孚日股份,山东
928,300105,龙源技术,山东
929,002810,山东赫达,山东
930,600547,山东黄金,山东
931,002671,龙泉股份,山东
932,300343,联创互联,山东
933,000811,烟台冰轮,山东
934,000977,浪潮信息,山东
935,300285,国瓷材料,山东
936,300183,东软载波,山东
937,600229,城市传媒,山东
938,000822,山东海化,山东
939,600986,科达股份,山东
940,002026,山东威达,山东
941,600783,鲁信创投,山东
942,000682,东方电子,山东
943,300321,同大股份,山东
944,600579,天华院,山东
945,603026,石大胜华,山东
946,601966,玲珑轮胎,山东
947,002485,希努尔,山东
948,002581,未名医药,山东
949,002376,新北洋,山东
950,002379,*ST鲁丰,山东
951,603798,康普顿,山东
952,600223,鲁商置业,山东
953,600898,三联商社,山东
954,600336,澳柯玛,山东
955,002469,三维工程,山东
956,603779,威龙股份,山东
957,600426,华鲁恒升,山东
958,002339,积成电子,山东
959,000726,鲁 泰Ａ,山东
960,002359,齐星铁塔,山东
961,300214,日科化学,山东
962,000680,山推股份,山东
963,002086,东方海洋,山东
964,600690,青岛海尔,山东
965,002408,齐翔腾达,山东
966,002655,共达电声,山东
967,600308,华泰股份,山东
968,300001,特锐德,山东
969,600777,新潮能源,山东
970,002805,丰元股份,山东
971,600180,瑞茂通,山东
972,600529,山东药玻,山东
973,002580,圣阳股份,山东
974,300110,华仁药业,山东
975,002073,软控股份,山东
976,603421,鼎信通讯,山东
977,600600,青岛啤酒,山东
978,002041,登海种业,山东
979,600858,银座股份,山东
980,000338,潍柴动力,山东
981,000488,晨鸣纸业,山东
982,300391,康跃科技,山东
983,000617,*ST济柴,山东
984,600385,山东金泰,山东
985,603858,步长制药,山东
986,600586,金晶科技,山东
987,601058,赛轮金宇,山东
988,600587,新华医疗,山东
989,300175,朗源股份,山东
990,600027,华电国际,山东
991,000655,金岭矿业,山东
992,000951,中国重汽,山东
993,000498,山东路桥,山东
994,002107,沃华医药,山东
995,300121,阳谷华泰,山东
996,000423,东阿阿胶,山东
997,000409,山东地矿,山东
998,002458,益生股份,山东
999,002374,丽鹏股份,山东
1000,600532,宏达矿业,山东
1001,000506,中润资源,山东
1002,000957,中通客车,山东
1003,002270,华明装备,山东
1004,600760,*ST黑豹,山东
1005,002286,保龄宝,山东
1006,600784,鲁银投资,山东
1007,002193,山东如意,山东
1008,300233,金城医药,山东
1009,600766,园城黄金,山东
1010,600789,鲁抗医药,山东
1011,600735,新华锦,山东
1012,002746,仙坛股份,山东
1013,000720,新能泰山,山东
1014,002481,双塔食品,山东
1015,603021,山东华鹏,山东
1016,600188,兖州煤业,山东
1017,002588,史丹利,山东
1018,300243,瑞丰高材,山东
1019,002254,泰和新材,山东
1020,600022,山东钢铁,山东
1021,002117,东港股份,山东
1022,300237,美晨科技,山东
1023,002078,太阳纸业,山东
1024,002545,东方铁塔,山东
1025,000677,恒天海龙,山东
1026,002382,蓝帆医疗,山东
1027,600756,浪潮软件,山东
1028,601678,滨化股份,山东
1029,300208,恒顺众昇,山东
1030,002726,龙大肉食,山东
1031,300099,尤洛卡,山东
1032,002643,万润股份,山东
1033,600017,日照港,山东
1034,601163,三角轮胎,山东
1035,300224,正海磁材,山东
1036,603167,渤海轮渡,山东
1037,600966,博汇纸业,山东
1038,000407,胜利股份,山东
1039,000983,西山煤电,山西
1040,000755,山西三维,山西
1041,300486,东杰智能,山西
1042,600617,国新能源,山西
1043,002640,跨境通,山西
1044,000795,英洛华,山西
1045,601006,大秦铁路,山西
1046,600809,山西汾酒,山西
1047,600348,阳泉煤业,山西
1048,000831,*ST五稀,山西
1049,000403,ST生化,山西
1050,601001,大同煤业,山西
1051,600169,太原重工,山西
1052,300254,仟源医药,山西
1053,601699,潞安环能,山西
1054,600408,安泰集团,山西
1055,000673,当代东方,山西
1056,600392,盛和资源,山西
1057,600691,阳煤化工,山西
1058,000723,美锦能源,山西
1059,000968,*ST煤气,山西
1060,600546,*ST山煤,山西
1061,002500,山西证券,山西
1062,002753,永东股份,山西
1063,600123,兰花科创,山西
1064,600234,*ST山水,山西
1065,600539,ST狮头,山西
1066,000825,太钢不锈,山西
1067,300158,振东制药,山西
1068,600157,永泰能源,山西
1069,000767,漳泽电力,山西
1070,000737,南风化工,山西
1071,600495,晋西车轴,山西
1072,002360,同德化工,山西
1073,600740,山西焦化,山西
1074,600351,亚宝药业,山西
1075,600281,太化股份,山西
1076,600780,通宝能源,山西
1077,000100,TCL 集团,广东
1078,002670,国盛金控,广东
1079,002441,众业达,广东
1080,300328,宜安科技,广东
1081,300530,达志科技,广东
1082,002387,黑牛食品,广东
1083,600728,佳都科技,广东
1084,000576,广东甘化,广东
1085,002260,德奥通航,广东
1086,000861,海印股份,广东
1087,002449,国星光电,广东
1088,000601,韶能股份,广东
1089,600029,南方航空,广东
1090,000573,粤宏远Ａ,广东
1091,000539,粤电力Ａ,广东
1092,000531,穗恒运Ａ,广东
1093,601515,东风股份,广东
1094,002295,精艺股份,广东
1095,000636,风华高科,广东
1096,600332,白云山,广东
1097,000685,中山公用,广东
1098,000529,广弘控股,广东
1099,002345,潮宏基,广东
1100,600428,中远航运,广东
1101,300498,温氏股份,广东
1102,300057,万顺股份,广东
1103,002152,广电运通,广东
1104,000651,格力电器,广东
1105,002575,群兴玩具,广东
1106,600004,白云机场,广东
1107,002806,华锋股份,广东
1108,300155,安居宝,广东
1109,002177,御银股份,广东
1110,300404,博济医药,广东
1111,002705,新宝股份,广东
1112,002684,猛狮科技,广东
1113,002030,达安基因,广东
1114,300464,星徽精密,广东
1115,300417,南华仪器,广东
1116,002167,东方锆业,广东
1117,002465,海格通信,广东
1118,002791,坚朗五金,广东
1119,601238,广汽集团,广东
1120,300458,全志科技,广东
1121,002198,嘉应制药,广东
1122,300083,劲胜精密,广东
1123,002027,分众传媒,广东
1124,002809,红墙股份,广东
1125,002311,海大集团,广东
1126,603898,好莱客,广东
1127,300149,量子高科,广东
1128,600083,博信股份,广东
1129,002180,艾派克,广东
1130,000987,越秀金控,广东
1131,000659,珠海中富,广东
1132,000333,美的集团,广东
1133,000973,佛塑科技,广东
1134,600393,粤泰股份,广东
1135,300376,易事特,广东
1136,300089,文化长城,广东
1137,002683,宏大爆破,广东
1138,300053,欧比特,广东
1139,002668,奥马电器,广东
1140,300176,鸿特精密,广东
1141,603861,白云电器,广东
1142,600098,广州发展,广东
1143,600323,瀚蓝环境,广东
1144,002759,天际股份,广东
1145,002031,巨轮智能,广东
1146,603328,依顿电子,广东
1147,002308,威创股份,广东
1148,300004,南风股份,广东
1149,300043,星辉娱乐,广东
1150,000429,粤高速Ａ,广东
1151,002678,珠江钢琴,广东
1152,300415,伊之密,广东
1153,002292,奥飞娱乐,广东
1154,002666,德联集团,广东
1155,300063,天龙集团,广东
1156,002511,中顺洁柔,广东
1157,002676,顺威股份,广东
1158,002502,骅威文化,广东
1159,600868,梅雁吉祥,广东
1160,000782,美达股份,广东
1161,000513,丽珠集团,广东
1162,300273,和佳股份,广东
1163,002169,智光电气,广东
1164,300281,金明精机,广东
1165,000541,佛山照明,广东
1166,600183,生益科技,广东
1167,300409,道氏技术,广东
1168,002611,东方精工,广东
1169,002045,国光电器,广东
1170,300499,高澜股份,广东
1171,300311,任子行,广东
1172,603336,宏辉果蔬,广东
1173,300476,胜宏科技,广东
1174,002240,威华股份,广东
1175,603608,天创时尚,广东
1176,300050,世纪鼎利,广东
1177,000534,万泽股份,广东
1178,000637,茂化实华,广东
1179,000507,珠海港,广东
1180,002291,星期六,广东
1181,000150,宜华健康,广东
1182,600684,珠江实业,广东
1183,600589,广东榕泰,广东
1184,002433,太安堂,广东
1185,000776,广发证券,广东
1186,300340,科恒股份,广东
1187,000524,岭南控股,广东
1188,002249,大洋电机,广东
1189,000921,海信科龙,广东
1190,002063,远光软件,广东
1191,603002,宏昌电子,广东
1192,300359,全通教育,广东
1193,002461,珠江啤酒,广东
1194,603309,维力医疗,广东
1195,300219,鸿利智汇,广东
1196,300173,智慧松德,广东
1197,002723,金莱特,广东
1198,002054,德美化工,广东
1199,002076,雪 莱 特,广东
1200,300561,汇金科技,广东
1201,002288,超华科技,广东
1202,300030,阳普医疗,广东
1203,002319,乐通股份,广东
1204,300335,迪森股份,广东
1205,600143,金发科技,广东
1206,000690,宝新能源,广东
1207,000828,东莞控股,广东
1208,300147,香雪制药,广东
1209,600242,中昌数据,广东
1210,600499,科达洁能,广东
1211,002757,南兴装备,广东
1212,002017,东信和平,广东
1213,002503,搜于特,广东
1214,002544,杰赛科技,广东
1215,002209,达 意 隆,广东
1216,002762,金发拉比,广东
1217,002187,广百股份,广东
1218,002616,长青集团,广东
1219,002016,世荣兆业,广东
1220,300529,健帆生物,广东
1221,300310,宜通世纪,广东
1222,002181,粤 传 媒,广东
1223,600673,东阳光科,广东
1224,300297,蓝盾股份,广东
1225,000976,春晖股份,广东
1226,002663,普邦股份,广东
1227,002192,融捷股份,广东
1228,000823,超声电子,广东
1229,002638,勤上光电,广东
1230,002212,南洋股份,广东
1231,002600,江粉磁材,广东
1232,300410,正业科技,广东
1233,002741,光华科技,广东
1234,600866,*ST星湖,广东
1235,300381,溢多利,广东
1236,600382,广东明珠,广东
1237,300146,汤臣倍健,广东
1238,300562,乐心医疗,广东
1239,300094,国联水产,广东
1240,002233,塔牌集团,广东
1241,300322,硕贝德,广东
1242,002776,柏堡龙,广东
1243,002728,特一药业,广东
1244,600978,宜华生活,广东
1245,002584,西陇科学,广东
1246,601900,南方传媒,广东
1247,600185,格力地产,广东
1248,002656,摩登大道,广东
1249,002431,棕榈股份,广东
1250,600433,冠豪高新,广东
1251,300246,宝莱特,广东
1252,002317,众生药业,广东
1253,300521,爱司凯,广东
1254,000532,力合股份,广东
1255,300448,浩云科技,广东
1256,002745,木林森,广东
1257,002035,华帝股份,广东
1258,000523,广州浪奇,广东
1259,002425,凯撒文化,广东
1260,300177,中海达,广东
1261,002348,高乐股份,广东
1262,300238,冠昊生物,广东
1263,603838,四通股份,广东
1264,002400,省广股份,广东
1265,000533,万 家 乐,广东
1266,600325,华发股份,广东
1267,002492,恒基达鑫,广东
1268,603288,海天味业,广东
1269,300482,万孚生物,广东
1270,002732,燕塘乳业,广东
1271,002672,东江环保,广东
1272,000893,东凌国际,广东
1273,600685,中船防务,广东
1274,002572,索菲亚,广东
1275,000502,绿景控股,广东
1276,002711,欧浦智网,广东
1277,002715,登云股份,广东
1278,603268,松发股份,广东
1279,300460,惠伦晶体,广东
1280,002543,万和电气,广东
1281,603936,博敏电子,广东
1282,002512,达华智能,广东
1283,002495,佳隆股份,广东
1284,002792,通宇通讯,广东
1285,300221,银禧科技,广东
1286,300503,昊志机电,广东
1287,603398,邦宝益智,广东
1288,600872,中炬高新,广东
1289,300093,金刚玻璃,广东
1290,300526,中潜股份,广东
1291,300242,明家联合,广东
1292,002141,蓉胜超微,广东
1293,600894,广日股份,广东
1294,000712,锦龙股份,广东
1295,600518,康美药业,广东
1296,603322,超讯通信,广东
1297,300403,地尔汉宇,广东
1298,600048,保利地产,广东
1299,002579,中京电子,广东
1300,300408,三环集团,广东
1301,002717,岭南园林,广东
1302,300438,鹏辉能源,广东
1303,002084,海鸥卫浴,广东
1304,300424,航新科技,广东
1305,002709,天赐材料,广东
1306,002060,粤 水 电,广东
1307,300014,亿纬锂能,广东
1308,300143,星河生物,广东
1309,002101,广东鸿图,广东
1310,002005,德豪润达,广东
1311,002420,毅昌股份,广东
1312,300098,高新兴,广东
1313,002446,盛路通信,广东
1314,000717,*ST韶钢,广东
1315,000662,天夏智慧,广西
1316,000833,贵糖股份,广西
1317,300422,博世科,广西
1318,002175,东方网络,广西
1319,600236,桂冠电力,广西
1320,603166,福达股份,广西
1321,000806,银河生物,广西
1322,600310,桂东电力,广西
1323,601003,柳钢股份,广西
1324,600301,*ST南化,广西
1325,002696,百洋股份,广西
1326,002275,桂林三金,广西
1327,000716,黑芝麻,广西
1328,600936,广西广电,广西
1329,000582,北部湾港,广西
1330,600423,柳化股份,广西
1331,000528,柳 工,广西
1332,600249,两面针,广西
1333,000953,河池化工,广西
1334,600252,中恒集团,广西
1335,002166,莱茵生物,广西
1336,601368,绿城水务,广西
1337,600556,ST慧球,广西
1338,600368,五洲交通,广西
1339,000750,国海证券,广西
1340,002329,皇氏集团,广西
1341,603869,北部湾旅,广西
1342,000978,桂林旅游,广西
1343,601996,丰林集团,广西
1344,002592,八菱科技,广西
1345,000608,阳光股份,广西
1346,000911,南宁糖业,广西
1347,600712,南宁百货,广西
1348,000703,恒逸石化,广西
1349,600538,国发股份,广西
1350,603368,柳州医药,广西
1351,600581,*ST八钢,新疆
1352,300159,新研股份,新疆
1353,002207,准油股份,新疆
1354,600425,青松建化,新疆
1355,002092,中泰化学,新疆
1356,600145,*ST新亿,新疆
1357,600339,*ST天利,新疆
1358,002719,麦趣尔,新疆
1359,300106,西部牧业,新疆
1360,600084,中葡股份,新疆
1361,002828,贝肯能源,新疆
1362,600545,新疆城建,新疆
1363,600509,天富能源,新疆
1364,600359,新农开发,新疆
1365,600778,友好集团,新疆
1366,603101,汇嘉时代,新疆
1367,600888,新疆众和,新疆
1368,000813,德展健康,新疆
1369,002800,天顺股份,新疆
1370,002700,新疆浩源,新疆
1371,002202,金风科技,新疆
1372,002100,天康生物,新疆
1373,002302,西部建设,新疆
1374,600089,特变电工,新疆
1375,300313,天山生物,新疆
1376,000877,天山股份,新疆
1377,603227,雪峰科技,新疆
1378,000972,中基健康,新疆
1379,600506,香梨股份,新疆
1380,002205,国统股份,新疆
1381,600721,*ST百花,新疆
1382,603393,新天然气,新疆
1383,600256,广汇能源,新疆
1384,600075,新疆天业,新疆
1385,600197,伊力特,新疆
1386,600090,同济堂,新疆
1387,000159,国际实业,新疆
1388,002524,光正集团,新疆
1389,000415,渤海金控,新疆
1390,600737,中粮屯河,新疆
1391,002307,北新路桥,新疆
1392,600337,美克家居,新疆
1393,601069,西部黄金,新疆
1394,600419,天润乳业,新疆
1395,000166,申万宏源,新疆
1396,600251,冠农股份,新疆
1397,600540,新赛股份,新疆
1398,002080,中材科技,江苏
1399,002333,罗普斯金,江苏
1400,002455,百川股份,江苏
1401,300509,新美星,江苏
1402,600794,保税科技,江苏
1403,300228,富瑞特装,江苏
1404,002499,科林环保,江苏
1405,601599,鹿港文化,江苏
1406,300342,天银机电,江苏
1407,601388,怡球资源,江苏
1408,600501,航天晨光,江苏
1409,600280,中央商场,江苏
1410,600513,联环药业,江苏
1411,300373,扬杰科技,江苏
1412,600389,江山股份,江苏
1413,600074,保千里,江苏
1414,000585,东北电气,江苏
1415,300031,宝通科技,江苏
1416,002652,扬子新材,江苏
1417,000626,远大控股,江苏
1418,002182,云海金属,江苏
1419,600099,林海股份,江苏
1420,300165,天瑞仪器,江苏
1421,002255,海陆重工,江苏
1422,002009,天奇股份,江苏
1423,002290,禾盛新材,江苏
1424,002090,金智科技,江苏
1425,600327,大东方,江苏
1426,000584,友利控股,江苏
1427,002413,雷科防务,江苏
1428,600400,红豆股份,江苏
1429,603036,如通股份,江苏
1430,300258,精锻科技,江苏
1431,002540,亚太科技,江苏
1432,300537,广信材料,江苏
1433,600970,中材国际,江苏
1434,600710,*ST常林,江苏
1435,300394,天孚通信,江苏
1436,002645,华宏科技,江苏
1437,000421,南京公用,江苏
1438,601222,林洋能源,江苏
1439,603990,麦迪科技,江苏
1440,300346,南大光电,江苏
1441,600122,宏图高科,江苏
1442,603111,康尼机电,江苏
1443,002778,高科石化,江苏
1444,600105,永鼎股份,江苏
1445,603928,兴业股份,江苏
1446,002367,康力电梯,江苏
1447,002553,南方轴承,江苏
1448,002150,通润装备,江苏
1449,300495,美尚生态,江苏
1450,300466,赛摩电气,江苏
1451,603519,立霸股份,江苏
1452,600220,江苏阳光,江苏
1453,600358,国旅联合,江苏
1454,300429,强力新材,江苏
1455,603028,赛福天,江苏
1456,300390,天华超净,江苏
1457,002623,亚玛顿,江苏
1458,601799,星宇股份,江苏
1459,300402,宝色股份,江苏
1460,002156,通富微电,江苏
1461,300141,和顺电气,江苏
1462,603299,井神股份,江苏
1463,300528,幸福蓝海,江苏
1464,300305,裕兴股份,江苏
1465,002445,中南文化,江苏
1466,603323,吴江银行,江苏
1467,002547,春兴精工,江苏
1468,002516,旷达科技,江苏
1469,300450,先导智能,江苏
1470,000700,模塑科技,江苏
1471,600287,江苏舜天,江苏
1472,002608,*ST舜船,江苏
1473,300211,亿通科技,江苏
1474,603005,晶方科技,江苏
1475,002293,罗莱生活,江苏
1476,002471,中超控股,江苏
1477,603800,道森股份,江苏
1478,300279,和晶科技,江苏
1479,002071,长城影视,江苏
1480,002450,康得新,江苏
1481,002075,沙钢股份,江苏
1482,300135,宝利国际,江苏
1483,300292,吴通控股,江苏
1484,002015,霞客环保,江苏
1485,603016,新宏泰,江苏
1486,002165,红 宝 丽,江苏
1487,300217,东方电热,江苏
1488,300013,新宁物流,江苏
1489,002787,华源包装,江苏
1490,000418,小天鹅Ａ,江苏
1491,000961,中南建设,江苏
1492,002239,奥特佳,江苏
1493,002550,千红制药,江苏
1494,002564,天沃科技,江苏
1495,002391,长青股份,江苏
1496,601199,江南水务,江苏
1497,000570,苏常柴Ａ,江苏
1498,300209,天泽信息,江苏
1499,600276,恒瑞医药,江苏
1500,600213,亚星客车,江苏
1501,300382,斯莱克,江苏
1502,603968,醋化股份,江苏
1503,000727,华东科技,江苏
1504,300280,南通锻压,江苏
1505,300421,力星股份,江苏
1506,600557,康缘药业,江苏
1507,002323,雅百特,江苏
1508,600889,南京化纤,江苏
1509,002315,焦点科技,江苏
1510,300190,维尔利,江苏
1511,002172,澳洋科技,江苏
1512,002546,新联电子,江苏
1513,300331,苏大维格,江苏
1514,600078,澄星股份,江苏
1515,603688,石英股份,江苏
1516,600268,国电南自,江苏
1517,300393,中来股份,江苏
1518,002808,苏州恒久,江苏
1519,601500,通用股份,江苏
1520,600667,太极实业,江苏
1521,600128,弘业股份,江苏
1522,600775,南京熊猫,江苏
1523,002395,双象股份,江苏
1524,300152,科融环境,江苏
1525,603339,四方冷链,江苏
1526,300128,锦富新材,江苏
1527,002802,洪汇新材,江苏
1528,600398,海澜之家,江苏
1529,600973,宝胜股份,江苏
1530,002464,金利科技,江苏
1531,002426,胜利精密,江苏
1532,002221,东华能源,江苏
1533,600854,春兰股份,江苏
1534,300385,雪浪环境,江苏
1535,300325,德威新材,江苏
1536,002610,爱康科技,江苏
1537,002635,安洁科技,江苏
1538,002483,润邦股份,江苏
1539,002659,中泰桥梁,江苏
1540,601555,东吴证券,江苏
1541,002576,通达动力,江苏
1542,000301,东方市场,江苏
1543,300215,电科院,江苏
1544,600746,江苏索普,江苏
1545,300160,秀强股份,江苏
1546,603958,哈森股份,江苏
1547,002435,长江润发,江苏
1548,600562,国睿科技,江苏
1549,002411,必康股份,江苏
1550,000518,四环生物,江苏
1551,002734,利民股份,江苏
1552,603117,万林股份,江苏
1553,002309,中利科技,江苏
1554,002478,常宝股份,江苏
1555,300356,光一科技,江苏
1556,600481,双良节能,江苏
1557,603007,花王股份,江苏
1558,603366,日出东方,江苏
1559,002796,世嘉科技,江苏
1560,000525,红 太 阳,江苏
1561,300265,通光线缆,江苏
1562,002040,南 京 港,江苏
1563,601313,江南嘉捷,江苏
1564,600486,扬农化工,江苏
1565,002585,双星新材,江苏
1566,603819,N神力,江苏
1567,603660,苏州科达,江苏
1568,600908,无锡银行,江苏
1569,600770,综艺股份,江苏
1570,601890,亚星锚链,江苏
1571,600487,亨通光电,江苏
1572,002104,恒宝股份,江苏
1573,600919,江苏银行,江苏
1574,600377,宁沪高速,江苏
1575,300196,长海股份,江苏
1576,601009,南京银行,江苏
1577,002491,通鼎互联,江苏
1578,300320,海达股份,江苏
1579,002807,江阴银行,江苏
1580,300500,苏州设计,江苏
1581,600401,海润光伏,江苏
1582,600475,华光股份,江苏
1583,603188,亚邦股份,江苏
1584,002074,国轩高科,江苏
1585,300339,润和软件,江苏
1586,300261,雅本化学,江苏
1587,002380,科远股份,江苏
1588,300522,世名科技,江苏
1589,603528,多伦科技,江苏
1590,603988,中电电机,江苏
1591,603369,今世缘,江苏
1592,002438,江苏神通,江苏
1593,300192,科斯伍德,江苏
1594,000777,中核科技,江苏
1595,600527,江南高纤,江苏
1596,300240,飞力达,江苏
1597,600716,凤凰股份,江苏
1598,600370,三房巷,江苏
1599,002708,光洋股份,江苏
1600,000919,金陵药业,江苏
1601,603828,柯利达,江苏
1602,002077,大港股份,江苏
1603,002631,德尔未来,江苏
1604,300420,五洋科技,江苏
1605,002245,澳洋顺昌,江苏
1606,600584,长电科技,江苏
1607,600805,悦达投资,江苏
1608,002531,天顺风能,江苏
1609,000551,创元科技,江苏
1610,002304,洋河股份,江苏
1611,600533,栖霞建设,江苏
1612,002211,宏达新材,江苏
1613,000816,智慧农业,江苏
1614,603313,恒康家居,江苏
1615,600522,中天科技,江苏
1616,600250,南纺股份,江苏
1617,603090,宏盛股份,江苏
1618,000890,法 尔 胜,江苏
1619,002513,*ST蓝丰,江苏
1620,002463,沪电股份,江苏
1621,300549,优德精密,江苏
1622,600064,南京高科,江苏
1623,000681,视觉中国,江苏
1624,002349,精华制药,江苏
1625,300260,新莱应材,江苏
1626,002024,苏宁云商,江苏
1627,002496,辉丰股份,江苏
1628,300172,中电环保,江苏
1629,601688,华泰证券,江苏
1630,601100,恒立液压,江苏
1631,603355,莱克电气,江苏
1632,603699,纽威股份,江苏
1633,002514,宝馨科技,江苏
1634,002453,天马精化,江苏
1635,300284,苏交科,江苏
1636,002519,银河电子,江苏
1637,000035,中国天楹,江苏
1638,000910,大亚圣象,江苏
1639,002274,华昌化工,江苏
1640,002484,江海股份,江苏
1641,600862,中航高科,江苏
1642,300416,苏试试验,江苏
1643,601155,新城控股,江苏
1644,002680,长生生物,江苏
1645,000581,威孚高科,江苏
1646,300354,东华测试,江苏
1647,002160,常铝股份,江苏
1648,600959,江苏有线,江苏
1649,300029,天龙光电,江苏
1650,600981,汇鸿集团,江苏
1651,002685,华东重机,江苏
1652,002692,远程电缆,江苏
1653,600682,南京新百,江苏
1654,603066,音飞储存,江苏
1655,000936,华西股份,江苏
1656,601010,文峰股份,江苏
1657,600305,恒顺醋业,江苏
1658,600713,南京医药,江苏
1659,002089,新 海 宜,江苏
1660,600282,南钢股份,江苏
1661,002394,联发股份,江苏
1662,300091,金通灵,江苏
1663,603018,中设集团,江苏
1664,002081,金 螳 螂,江苏
1665,300295,三六五网,江苏
1666,002223,鱼跃医疗,江苏
1667,002530,丰东股份,江苏
1668,300555,路通视信,江苏
1669,300201,海伦哲,江苏
1670,603158,腾龙股份,江苏
1671,603900,通灵珠宝,江苏
1672,300563,神宇股份,江苏
1673,601928,凤凰传媒,江苏
1674,603203,快克股份,江苏
1675,600510,黑牡丹,江苏
1676,600406,国电南瑞,江苏
1677,300304,云意电气,江苏
1678,002044,美年健康,江苏
1679,600736,苏州高新,江苏
1680,002002,鸿达兴业,江苏
1681,002091,江苏国泰,江苏
1682,300447,全信股份,江苏
1683,002127,南极电商,江苏
1684,601007,金陵饭店,江苏
1685,600300,维维股份,江苏
1686,002409,雅克科技,江苏
1687,002559,亚威股份,江苏
1688,601700,风范股份,江苏
1689,002201,九鼎新材,江苏
1690,603017,中衡设计,江苏
1691,002747,埃斯顿,江苏
1692,300169,天晟新材,江苏
1693,000425,徐工机械,江苏
1694,300507,苏奥传感,江苏
1695,002079,苏州固锝,江苏
1696,601218,吉鑫科技,江苏
1697,600200,江苏吴中,江苏
1698,603518,维格娜丝,江苏
1699,002262,恩华药业,江苏
1700,002384,东山精密,江苏
1701,002722,金轮股份,江苏
1702,601008,连云港,江苏
1703,000738,中航动控,江苏
1704,601128,常熟银行,江苏
1705,601028,玉龙股份,江苏
1706,300337,银邦股份,江苏
1707,600362,江西铜业,江西
1708,600461,洪城水业,江西
1709,000404,华意压缩,江西
1710,002748,世龙实业,江西
1711,002695,煌上煌,江西
1712,600071,凤凰光学,江西
1713,000550,江铃汽车,江西
1714,600228,昌九生化,江西
1715,002460,赣锋锂业,江西
1716,600269,赣粤高速,江西
1717,600316,洪都航空,江西
1718,600750,江中药业,江西
1719,603977,国泰集团,江西
1720,600373,中文传媒,江西
1721,002176,江特电机,江西
1722,600053,九鼎投资,江西
1723,300095,华伍股份,江西
1724,002068,黑猫股份,江西
1725,002157,正邦科技,江西
1726,000990,诚志股份,江西
1727,600590,泰豪科技,江西
1728,300453,三鑫医疗,江西
1729,600363,联创光电,江西
1730,600507,方大特钢,江西
1731,600397,安源煤业,江西
1732,000650,仁和药业,江西
1733,002591,恒大高新,江西
1734,000899,赣能股份,江西
1735,300294,博雅生物,江西
1736,600782,新钢股份,江西
1737,002378,章源钨业,江西
1738,300497,富祥股份,江西
1739,600561,江西长运,江西
1740,300066,三川智慧,江西
1741,000829,天音控股,江西
1742,000789,万年青,江西
1743,600135,乐凯胶片,河北
1744,000709,河钢股份,河北
1745,300428,四通新材,河北
1746,300368,汇金股份,河北
1747,600340,华夏幸福,河北
1748,000778,新兴铸管,河北
1749,000687,华讯方舟,河北
1750,002146,荣盛发展,河北
1751,300255,常山药业,河北
1752,300371,汇中股份,河北
1753,600812,华北制药,河北
1754,000408,*ST金源,河北
1755,300446,乐凯新材,河北
1756,600155,宝硕股份,河北
1757,600149,廊坊发展,河北
1758,000889,茂业通信,河北
1759,002494,华斯股份,河北
1760,002442,龙星化工,河北
1761,000958,东方能源,河北
1762,600997,开滦股份,河北
1763,601000,唐山港,河北
1764,002108,沧州明珠,河北
1765,300107,建新股份,河北
1766,600230,*ST沧大,河北
1767,600550,保变电气,河北
1768,000937,冀中能源,河北
1769,002342,巨力索具,河北
1770,300138,晨光生物,河北
1771,002049,紫光国芯,河北
1772,000413,东旭光电,河北
1773,000856,*ST冀装,河北
1774,000923,河北宣工,河北
1775,600480,凌云股份,河北
1776,000401,冀东水泥,河北
1777,600409,三友化工,河北
1778,300491,通合科技,河北
1779,002603,以岭药业,河北
1780,002282,博深工具,河北
1781,300137,先河环保,河北
1782,000600,建投能源,河北
1783,600722,金牛化工,河北
1784,601258,庞大集团,河北
1785,600965,福成股份,河北
1786,000848,承德露露,河北
1787,600482,中国动力,河北
1788,600559,老白干酒,河北
1789,601633,长城汽车,河北
1790,002459,天业通联,河北
1791,000158,常山股份,河北
1792,002691,冀凯股份,河北
1793,600803,新奥股份,河北
1794,300081,恒信移动,河北
1795,002046,轴研科技,河南
1796,002560,通达股份,河南
1797,002770,科迪乳业,河南
1798,002225,濮耐股份,河南
1799,600469,风神股份,河南
1800,300259,新天科技,河南
1801,603566,普莱柯,河南
1802,600020,中原高速,河南
1803,600121,郑州煤电,河南
1804,002321,华英农业,河南
1805,601038,一拖股份,河南
1806,000933,*ST神火,河南
1807,002296,辉煌科技,河南
1808,002536,西泵股份,河南
1809,002007,华兰生物,河南
1810,600285,羚锐制药,河南
1811,002407,多氟多,河南
1812,000895,双汇发展,河南
1813,300481,濮阳惠成,河南
1814,603993,洛阳钼业,河南
1815,600066,宇通客车,河南
1816,600781,辅仁药业,河南
1817,600172,黄河旋风,河南
1818,002406,远东传动,河南
1819,002714,牧原股份,河南
1820,002087,新野纺织,河南
1821,600403,大有能源,河南
1822,300064,豫金刚石,河南
1823,600186,莲花健康,河南
1824,600810,神马股份,河南
1825,601666,平煤股份,河南
1826,001896,豫能控股,河南
1827,600569,安阳钢铁,河南
1828,300437,清水源,河南
1829,601608,中信重工,河南
1830,002358,森源电气,河南
1831,300179,四方达,河南
1832,002613,北玻股份,河南
1833,600876,洛阳玻璃,河南
1834,600312,平高电气,河南
1835,300080,易成新能,河南
1836,002132,恒星科技,河南
1837,601717,郑煤机,河南
1838,600207,安彩高科,河南
1839,000885,同力水泥,河南
1840,603508,思维列控,河南
1841,002535,林州重机,河南
1842,000719,大地传媒,河南
1843,002477,雏鹰农牧,河南
1844,300109,新开源,河南
1845,000949,新乡化纤,河南
1846,002448,中原内配,河南
1847,603658,安图生物,河南
1848,300248,新开普,河南
1849,600753,东方银星,河南
1850,002423,*ST中特,河南
1851,002216,三全食品,河南
1852,300007,汉威电子,河南
1853,002582,好想你,河南
1854,000676,智度股份,河南
1855,002601,佰利联,河南
1856,600439,瑞贝卡,河南
1857,600531,豫光金铅,河南
1858,000544,中原环保,河南
1859,601677,明泰铝业,河南
1860,600222,太龙药业,河南
1861,300480,光力科技,河南
1862,002179,中航光电,河南
1863,600595,中孚实业,河南
1864,300263,隆华节能,河南
1865,002189,利达光电,河南
1866,600069,银鸽投资,河南
1867,000400,许继电气,河南
1868,000612,焦作万方,河南
1869,603033,三维股份,浙江
1870,002061,*ST江化,浙江
1871,002019,亿帆医药,浙江
1872,600077,宋都股份,浙江
1873,603726,朗迪集团,浙江
1874,002020,京新药业,浙江
1875,600283,钱江水利,浙江
1876,002164,宁波东力,浙江
1877,601882,海天精工,浙江
1878,603600,永艺股份,浙江
1879,002532,新界泵业,浙江
1880,603222,济民制药,浙江
1881,300553,集智股份,浙江
1882,300306,远方光电,浙江
1883,002801,微光股份,浙江
1884,300548,博创科技,浙江
1885,600130,波导股份,浙江
1886,002364,中恒电气,浙江
1887,603799,华友钴业,浙江
1888,002280,联络互动,浙江
1889,002343,慈文传媒,浙江
1890,600491,龙元建设,浙江
1891,600208,新湖中宝,浙江
1892,002056,横店东磁,浙江
1893,002224,三 力 士,浙江
1894,600267,海正药业,浙江
1895,002488,金固股份,浙江
1896,002389,南洋科技,浙江
1897,600113,浙江东日,浙江
1898,002633,申科股份,浙江
1899,600926,杭州银行,浙江
1900,300145,中金环境,浙江
1901,601233,桐昆股份,浙江
1902,002244,滨江集团,浙江
1903,002021,中捷资源,浙江
1904,600477,杭萧钢构,浙江
1905,603703,盛洋科技,浙江
1906,002196,方正电机,浙江
1907,002236,大华股份,浙江
1908,300250,初灵信息,浙江
1909,600261,阳光照明,浙江
1910,603258,电魂网络,浙江
1911,603667,五洲新春,浙江
1912,300025,华星创业,浙江
1913,002586,围海股份,浙江
1914,002479,富春环保,浙江
1915,000913,*ST钱江,浙江
1916,000156,华数传媒,浙江
1917,002062,宏润建设,浙江
1918,002418,康盛股份,浙江
1919,002730,电光科技,浙江
1920,002590,万安科技,浙江
1921,300411,金盾股份,浙江
1922,600724,宁波富达,浙江
1923,002006,精功科技,浙江
1924,002793,东音股份,浙江
1925,600366,宁波韵升,浙江
1926,601579,会稽山,浙江
1927,600865,百大集团,浙江
1928,002122,天马股份,浙江
1929,603806,福斯特,浙江
1930,300300,汉鼎宇佑,浙江
1931,002795,永和智控,浙江
1932,600114,东睦股份,浙江
1933,000909,数源科技,浙江
1934,300512,中亚股份,浙江
1935,603168,莎普爱思,浙江
1936,002619,巨龙管业,浙江
1937,300439,美康生物,浙江
1938,300558,贝达药业,浙江
1939,300426,唐德影视,浙江
1940,300461,田中精机,浙江
1941,300256,星星科技,浙江
1942,000967,盈峰环境,浙江
1943,002370,亚太药业,浙江
1944,300566,激智科技,浙江
1945,002144,宏达高科,浙江
1946,601002,晋亿实业,浙江
1947,002687,乔治白,浙江
1948,300111,向日葵,浙江
1949,002699,美盛文化,浙江
1950,002154,报 喜 鸟,浙江
1951,600683,京投发展,浙江
1952,601116,三江购物,浙江
1953,600226,升华拜克,浙江
1954,600415,小商品城,浙江
1955,002120,新海股份,浙江
1956,002124,天邦股份,浙江
1957,601689,拓普集团,浙江
1958,603789,星光农机,浙江
1959,002133,广宇集团,浙江
1960,600596,新安股份,浙江
1961,002043,兔 宝 宝,浙江
1962,601113,华鼎股份,浙江
1963,603001,奥康国际,浙江
1964,601339,百隆东方,浙江
1965,600857,宁波中百,浙江
1966,002637,赞宇科技,浙江
1967,002048,宁波华翔,浙江
1968,002415,海康威视,浙江
1969,600176,中国巨石,浙江
1970,600070,浙江富润,浙江
1971,000411,英特集团,浙江
1972,002036,联创电子,浙江
1973,300351,永贵电器,浙江
1974,002718,友邦吊顶,浙江
1975,002468,艾迪西,浙江
1976,601567,三星医疗,浙江
1977,600126,杭钢股份,浙江
1978,600175,美都能源,浙江
1979,603300,华铁科技,浙江
1980,002001,新 和 成,浙江
1981,600290,华仪电气,浙江
1982,300307,慈星股份,浙江
1983,300257,开山股份,浙江
1984,300203,聚光科技,浙江
1985,002615,哈尔斯,浙江
1986,002632,道明光学,浙江
1987,002522,浙江众成,浙江
1988,300519,新光药业,浙江
1989,002434,万里扬,浙江
1990,600330,天通股份,浙江
1991,300163,先锋新材,浙江
1992,603568,伟明环保,浙江
1993,300078,思创医惠,浙江
1994,002677,浙江美大,浙江
1995,002064,华峰氨纶,浙江
1996,002444,巨星科技,浙江
1997,002188,巴士在线,浙江
1998,600216,浙江医药,浙江
1999,002344,海宁皮城,浙江
2000,600830,香溢融通,浙江
2001,603520,司太立,浙江
2002,002322,理工环科,浙江
2003,000517,荣安地产,浙江
2004,600387,海越股份,浙江
2005,300488,恒锋工具,浙江
2006,600273,嘉化能源,浙江
2007,002712,思美传媒,浙江
2008,002624,完美世界,浙江
2009,002570,贝因美,浙江
2010,002430,杭氧股份,浙江
2011,002758,华通医药,浙江
2012,600051,宁波联合,浙江
2013,600059,古越龙山,浙江
2014,300244,迪安诊断,浙江
2015,002003,伟星股份,浙江
2016,600796,钱江生化,浙江
2017,002142,宁波银行,浙江
2018,300069,金利华电,浙江
2019,002520,日发精机,浙江
2020,600352,浙江龙盛,浙江
2021,002372,伟星新材,浙江
2022,002273,水晶光电,浙江
2023,601789,宁波建工,浙江
2024,600120,浙江东方,浙江
2025,002326,永太科技,浙江
2026,600512,腾达建设,浙江
2027,002250,联化科技,浙江
2028,002767,先锋电子,浙江
2029,603997,继峰股份,浙江
2030,002381,双箭股份,浙江
2031,002641,永高股份,浙江
2032,603008,喜临门,浙江
2033,600152,维科精华,浙江
2034,300451,创业软件,浙江
2035,002515,金字火腿,浙江
2036,002756,永兴特钢,浙江
2037,002011,盾安环境,浙江
2038,002647,宏磊股份,浙江
2039,002563,森马服饰,浙江
2040,600235,民丰特纸,浙江
2041,603996,中新科技,浙江
2042,600160,巨化股份,浙江
2043,300234,开尔新材,浙江
2044,600671,天目药业,浙江
2045,600232,金鹰股份,浙江
2046,002375,亚厦股份,浙江
2047,601137,博威合金,浙江
2048,002403,爱仕达,浙江
2049,300314,戴维医疗,浙江
2050,603556,海兴电力,浙江
2051,603338,浙江鼎力,浙江
2052,300478,杭州高新,浙江
2053,002569,步森股份,浙江
2054,300113,顺网科技,浙江
2055,002112,三变科技,浙江
2056,000705,浙江震元,浙江
2057,600776,东方通信,浙江
2058,002552,宝鼎科技,浙江
2059,002404,嘉欣丝绸,浙江
2060,300316,晶盛机电,浙江
2061,300020,银江股份,浙江
2062,300181,佐力药业,浙江
2063,002085,万丰奥威,浙江
2064,002427,尤夫股份,浙江
2065,300539,横河模具,浙江
2066,603788,宁波高发,浙江
2067,600173,卧龙地产,浙江
2068,600177,雅戈尔,浙江
2069,300266,兴源环境,浙江
2070,002534,杭锅股份,浙江
2071,600570,恒生电子,浙江
2072,603901,永创智能,浙江
2073,002489,浙江永强,浙江
2074,002779,中坚科技,浙江
2075,000739,普洛药业,浙江
2076,600884,杉杉股份,浙江
2077,002725,跃岭股份,浙江
2078,002443,金洲管道,浙江
2079,002010,传化智联,浙江
2080,000918,嘉凯城,浙江
2081,603456,九洲药业,浙江
2082,000607,华媒控股,浙江
2083,603701,德宏股份,浙江
2084,600526,菲达环保,浙江
2085,601018,宁波港,浙江
2086,002629,仁智股份,浙江
2087,601877,正泰电器,浙江
2088,603558,健盛集团,浙江
2089,300329,海伦钢琴,浙江
2090,002103,广博股份,浙江
2091,603618,杭电股份,浙江
2092,300027,华谊兄弟,浙江
2093,002284,亚太股份,浙江
2094,300349,金卡股份,浙江
2095,600699,均胜电子,浙江
2096,600704,物产中大,浙江
2097,300435,中泰股份,浙江
2098,002012,凯恩股份,浙江
2099,002203,海亮股份,浙江
2100,300401,花园生物,浙江
2101,603088,宁波精达,浙江
2102,300412,迦南科技,浙江
2103,600768,宁波富邦,浙江
2104,603822,嘉澳环保,浙江
2105,603015,弘讯科技,浙江
2106,600460,士兰微,浙江
2107,600798,宁波海运,浙江
2108,600982,宁波热电,浙江
2109,002332,仙琚制药,浙江
2110,300144,宋城演艺,浙江
2111,600814,杭州解百,浙江
2112,300100,双林股份,浙江
2113,600572,康恩贝,浙江
2114,002131,利欧股份,浙江
2115,300076,GQY视讯,浙江
2116,600797,浙大网新,浙江
2117,300118,东方日升,浙江
2118,002703,浙江世宝,浙江
2119,603311,金海环境,浙江
2120,002508,老板电器,浙江
2121,000925,众合科技,浙江
2122,601177,杭齿前进,浙江
2123,603606,东方电缆,浙江
2124,002206,海 利 得,浙江
2125,000559,万向钱潮,浙江
2126,600576,万家文化,浙江
2127,300283,温州宏丰,浙江
2128,002199,*ST东晶,浙江
2129,600763,通策医疗,浙江
2130,002664,信质电机,浙江
2131,002263,大 东 南,浙江
2132,002082,栋梁新材,浙江
2133,600537,亿晶光电,浙江
2134,300068,南都电源,浙江
2135,002135,东南网架,浙江
2136,002276,万马股份,浙江
2137,600677,航天通信,浙江
2138,002099,海翔药业,浙江
2139,002034,美 欣 达,浙江
2140,300270,中威电子,浙江
2141,002032,苏 泊 尔,浙江
2142,002602,世纪华通,浙江
2143,600987,航民股份,浙江
2144,603816,顾家家居,浙江
2145,002050,三花智控,浙江
2146,002574,明牌珠宝,浙江
2147,002562,兄弟科技,浙江
2148,000963,华东医药,浙江
2149,603116,红蜻蜓,浙江
2150,603889,新澳股份,浙江
2151,002648,卫星石化,浙江
2152,002119,康强电子,浙江
2153,002686,亿利达,浙江
2154,002472,双环传动,浙江
2155,002625,龙生股份,浙江
2156,600580,卧龙电气,浙江
2157,002493,荣盛石化,浙江
2158,002440,闰土股份,浙江
2159,600571,信雅达,浙江
2160,002266,浙富控股,浙江
2161,002126,银轮股份,浙江
2162,300357,我武生物,浙江
2163,300347,泰格医药,浙江
2164,603010,万盛股份,浙江
2165,603611,诺力股份,浙江
2166,002173,*ST创疗,浙江
2167,002473,圣莱达,浙江
2168,002214,大立科技,浙江
2169,600633,浙报传媒,浙江
2170,002247,帝龙文化,浙江
2171,600052,浙江广厦,浙江
2172,002095,生 意 宝,浙江
2173,300550,和仁科技,浙江
2174,002318,久立特材,浙江
2175,300133,华策影视,浙江
2176,002067,景兴纸业,浙江
2177,300032,金龙机电,浙江
2178,600023,浙能电力,浙江
2179,600668,尖峰集团,浙江
2180,300360,炬华科技,浙江
2181,002634,棒杰股份,浙江
2182,002617,露笑科技,浙江
2183,300033,同花顺,浙江
2184,600790,轻纺城,浙江
2185,300441,鲍斯股份,浙江
2186,603085,天成自控,浙江
2187,002115,三维通信,浙江
2188,000558,莱茵体育,浙江
2189,300459,金科娱乐,浙江
2190,600521,华海药业,浙江
2191,600896,中海海盛,海南
2192,600759,洲际油气,海南
2193,002693,双成药业,海南
2194,000657,中钨高新,海南
2195,000886,海南高速,海南
2196,000793,华闻传媒,海南
2197,000566,海南海药,海南
2198,000503,海虹控股,海南
2199,600238,海南椰岛,海南
2200,600555,海航创新,海南
2201,300086,康芝药业,海南
2202,002320,海峡股份,海南
2203,600515,海航基础,海南
2204,000735,罗 牛 山,海南
2205,601118,海南橡胶,海南
2206,000505,*ST珠江,海南
2207,600259,广晟有色,海南
2208,000691,ST亚太,海南
2209,000571,新大洲Ａ,海南
2210,000613,大东海A,海南
2211,300189,神农基因,海南
2212,603069,海汽集团,海南
2213,601969,海南矿业,海南
2214,000955,欣龙控股,海南
2215,600209,罗顿发展,海南
2216,000572,海马汽车,海南
2217,000567,海德股份,海南
2218,002596,海南瑞泽,海南
2219,600221,海南航空,海南
2220,002456,欧菲光,深圳
2221,000007,全新好,深圳
2222,002047,宝鹰股份,深圳
2223,603808,歌力思,深圳
2224,002681,奋达科技,深圳
2225,002215,诺 普 信,深圳
2226,002341,新纶科技,深圳
2227,300333,兆日科技,深圳
2228,002429,兆驰股份,深圳
2229,002782,可立克,深圳
2230,002419,天虹商场,深圳
2231,300115,长盈精密,深圳
2232,000099,中信海直,深圳
2233,002369,卓翼科技,深圳
2234,002399,海普瑞,深圳
2235,600162,香江控股,深圳
2236,002577,雷柏科技,深圳
2237,300545,联得装备,深圳
2238,002238,天威视讯,深圳
2239,000043,中航地产,深圳
2240,000040,东旭蓝天,深圳
2241,300400,劲拓股份,深圳
2242,000004,国农科技,深圳
2243,002735,王子新材,深圳
2244,601318,中国平安,深圳
2245,300085,银之杰,深圳
2246,000037,*ST南电A,深圳
2247,000055,方大集团,深圳
2248,600548,深高速,深圳
2249,000025,特 力Ａ,深圳
2250,000014,沙河股份,深圳
2251,002654,万润科技,深圳
2252,000002,万 科Ａ,深圳
2253,002243,通产丽星,深圳
2254,000012,南 玻Ａ,深圳
2255,000070,特发信息,深圳
2256,002736,国信证券,深圳
2257,000031,中粮地产,深圳
2258,002327,富安娜,深圳
2259,300565,科信技术,深圳
2260,600462,九有股份,深圳
2261,002811,亚泰国际,深圳
2262,300042,朗科科技,深圳
2263,002301,齐心集团,深圳
2264,000048,康达尔,深圳
2265,002168,深圳惠程,深圳
2266,000078,海王生物,深圳
2267,000020,深华发Ａ,深圳
2268,300124,汇川技术,深圳
2269,002733,雄韬股份,深圳
2270,002388,新亚制程,深圳
2271,000018,神州长城,深圳
2272,002289,*ST宇顺,深圳
2273,002660,茂硕电源,深圳
2274,002227,奥 特 迅,深圳
2275,002775,文科园林,深圳
2276,002316,键桥通讯,深圳
2277,000034,神州数码,深圳
2278,300012,华测检测,深圳
2279,300506,名家汇,深圳
2280,000068,华控赛格,深圳
2281,002351,漫步者,深圳
2282,300348,长亮科技,深圳
2283,000023,深天地Ａ,深圳
2284,000038,深大通,深圳
2285,300531,优博讯,深圳
2286,300303,聚飞光电,深圳
2287,002482,广田集团,深圳
2288,002518,科士达,深圳
2289,002183,怡 亚 通,深圳
2290,300319,麦捷科技,深圳
2291,002594,比亚迪,深圳
2292,300232,洲明科技,深圳
2293,002548,金新农,深圳
2294,000058,深 赛 格,深圳
2295,002609,捷顺科技,深圳
2296,002314,南山控股,深圳
2297,002052,同洲电子,深圳
2298,000021,深科技,深圳
2299,002285,世联行,深圳
2300,002340,格林美,深圳
2301,002170,芭田股份,深圳
2302,000027,深圳能源,深圳
2303,002139,拓邦股份,深圳
2304,002797,第一创业,深圳
2305,300468,四方精创,深圳
2306,002121,科陆电子,深圳
2307,300130,新国都,深圳
2308,002587,奥拓电子,深圳
2309,600999,招商证券,深圳
2310,002766,索菱股份,深圳
2311,600446,金证股份,深圳
2312,300154,瑞凌股份,深圳
2313,300162,雷曼股份,深圳
2314,000001,平安银行,深圳
2315,300533,冰川网络,深圳
2316,002583,海能达,深圳
2317,300572,安车检测,深圳
2318,002210,飞马国际,深圳
2319,600036,招商银行,深圳
2320,000089,深圳机场,深圳
2321,601333,广深铁路,深圳
2322,000005,世纪星源,深圳
2323,300136,信维通信,深圳
2324,300167,迪威视讯,深圳
2325,300227,光韵达,深圳
2326,300377,赢时胜,深圳
2327,000039,中集集团,深圳
2328,000033,*ST新都,深圳
2329,002218,拓日新能,深圳
2330,603160,汇顶科技,深圳
2331,300264,佳创视讯,深圳
2332,002740,爱迪尔,深圳
2333,002334,英威腾,深圳
2334,002008,大族激光,深圳
2335,300077,国民技术,深圳
2336,000999,华润三九,深圳
2337,002751,易尚展示,深圳
2338,002137,麦达数字,深圳
2339,300199,翰宇药业,深圳
2340,002130,沃尔核材,深圳
2341,002256,兆新股份,深圳
2342,300037,新宙邦,深圳
2343,002618,丹邦科技,深圳
2344,600525,长园集团,深圳
2345,000010,美丽生态,深圳
2346,600892,大晟文化,深圳
2347,000009,中国宝安,深圳
2348,603118,共进股份,深圳
2349,002823,凯中精密,深圳
2350,002294,信立泰,深圳
2351,300350,华鹏飞,深圳
2352,300570,太辰光,深圳
2353,300044,赛为智能,深圳
2354,300538,同益股份,深圳
2355,300546,雄帝科技,深圳
2356,000006,深振业Ａ,深圳
2357,000090,天健集团,深圳
2358,300131,英唐智控,深圳
2359,000069,华侨城Ａ,深圳
2360,002786,银宝山新,深圳
2361,002356,赫美集团,深圳
2362,300151,昌红科技,深圳
2363,002813,路畅科技,深圳
2364,000050,深天马Ａ,深圳
2365,002620,瑞和股份,深圳
2366,002816,和科达,深圳
2367,000019,深深宝Ａ,深圳
2368,002161,远 望 谷,深圳
2369,002191,劲嘉股份,深圳
2370,000016,深康佳Ａ,深圳
2371,002528,英飞拓,深圳
2372,002769,普路通,深圳
2373,002789,建艺集团,深圳
2374,002815,崇达技术,深圳
2375,000011,深物业A,深圳
2376,002402,和而泰,深圳
2377,000045,深纺织Ａ,深圳
2378,000042,中洲控股,深圳
2379,000029,深深房Ａ,深圳
2380,300484,蓝海华腾,深圳
2381,000088,盐 田 港,深圳
2382,300206,理邦仪器,深圳
2383,000555,神州信息,深圳
2384,002724,海洋王,深圳
2385,000056,皇庭国际,深圳
2386,002213,特 尔 佳,深圳
2387,000062,深圳华强,深圳
2388,002822,中装建设,深圳
2389,002475,立讯精密,深圳
2390,000066,长城电脑,深圳
2391,000017,深中华A,深圳
2392,002105,信隆健康,深圳
2393,000096,广聚能源,深圳
2394,000060,中金岭南,深圳
2395,300047,天源迪科,深圳
2396,300207,欣旺达,深圳
2397,002055,得润电子,深圳
2398,001979,招商蛇口,深圳
2399,300235,方直科技,深圳
2400,002163,中航三鑫,深圳
2401,300317,珈伟股份,深圳
2402,000022,深赤湾Ａ,深圳
2403,002763,汇洁股份,深圳
2404,300518,盛讯达,深圳
2405,002303,美盈森,深圳
2406,300389,艾比森,深圳
2407,601139,深圳燃气,深圳
2408,300134,大富科技,深圳
2409,000063,中兴通讯,深圳
2410,300457,赢合科技,深圳
2411,000049,德赛电池,深圳
2412,002436,兴森科技,深圳
2413,300112,万讯自控,深圳
2414,002551,尚荣医疗,深圳
2415,600030,中信证券,深圳
2416,000032,深桑达Ａ,深圳
2417,300252,金信诺,深圳
2418,002421,达实智能,深圳
2419,300197,铁汉生态,深圳
2420,300532,今天国际,深圳
2421,002106,莱宝高科,深圳
2422,300178,腾邦国际,深圳
2423,300269,联建光电,深圳
2424,300052,中青宝,深圳
2425,002197,证通电子,深圳
2426,002336,*ST人乐,深圳
2427,300543,朗科智能,深圳
2428,000061,农 产 品,深圳
2429,000026,飞亚达Ａ,深圳
2430,300193,佳士科技,深圳
2431,002138,顺络电子,深圳
2432,002781,奇信股份,深圳
2433,300241,瑞丰光电,深圳
2434,002313,日海通讯,深圳
2435,000028,国药一致,深圳
2436,300568,星源材质,深圳
2437,002325,洪涛股份,深圳
2438,600380,健康元,深圳
2439,300301,长方集团,深圳
2440,300556,丝路视觉,深圳
2441,002416,爱施德,深圳
2442,300277,海联讯,深圳
2443,600383,金地集团,深圳
2444,000036,华联控股,深圳
2445,600184,光电股份,湖北
2446,000939,凯迪生态,湖北
2447,000707,双环科技,湖北
2448,000826,启迪桑德,湖北
2449,600079,人福医药,湖北
2450,600136,当代明诚,湖北
2451,600879,航天电子,湖北
2452,000952,广济药业,湖北
2453,000971,高升控股,湖北
2454,600035,楚天高速,湖北
2455,600298,安琪酵母,湖北
2456,300184,力源信息,湖北
2457,300536,农尚环境,湖北
2458,000665,湖北广电,湖北
2459,600769,祥龙电业,湖北
2460,600293,三峡新材,湖北
2461,000785,武汉中商,湖北
2462,600801,华新水泥,湖北
2463,300527,华舟应急,湖北
2464,002377,国创高新,湖北
2465,600355,精伦电子,湖北
2466,600993,马应龙,湖北
2467,600774,汉商集团,湖北
2468,601311,骆驼股份,湖北
2469,300494,盛天网络,湖北
2470,002013,中航机电,湖北
2471,600107,美尔雅,湖北
2472,600757,长江传媒,湖北
2473,000422,湖北宜化,湖北
2474,000520,长航凤凰,湖北
2475,002305,南国置业,湖北
2476,300387,富邦股份,湖北
2477,603738,泰晶科技,湖北
2478,600885,宏发股份,湖北
2479,600275,武昌鱼,湖北
2480,000759,中百集团,湖北
2481,600566,济川药业,湖北
2482,000852,石化机械,湖北
2483,600998,九州通,湖北
2484,600260,凯乐科技,湖北
2485,000501,鄂武商Ａ,湖北
2486,002281,光迅科技,湖北
2487,300041,回天新材,湖北
2488,300323,华灿光电,湖北
2489,300276,三丰智能,湖北
2490,600345,长江通信,湖北
2491,002694,顾地科技,湖北
2492,300517,海波重科,湖北
2493,000615,京汉股份,湖北
2494,300046,台基股份,湖北
2495,600976,健民集团,湖北
2496,603716,塞力斯,湖北
2497,002783,凯龙股份,湖北
2498,000821,京山轻机,湖北
2499,000670,*ST盈方,湖北
2500,600745,中茵股份,湖北
2501,000627,天茂集团,湖北
2502,300278,华昌达,湖北
2503,000902,新洋丰,湖北
2504,600568,中珠医疗,湖北
2505,300161,华中数控,湖北
2506,000708,大冶特钢,湖北
2507,300054,鼎龙股份,湖北
2508,600141,兴发集团,湖北
2509,002414,高德红外,湖北
2510,000678,襄阳轴承,湖北
2511,000988,华工科技,湖北
2512,300516,久之洋,湖北
2513,300557,理工光科,湖北
2514,600703,三安光电,湖北
2515,002194,武汉凡谷,湖北
2516,600068,葛洲坝,湖北
2517,002627,宜昌交运,湖北
2518,000926,福星股份,湖北
2519,002365,永安药业,湖北
2520,600168,武汉控股,湖北
2521,600133,东湖高新,湖北
2522,000760,斯太尔,湖北
2523,600498,烽火通信,湖北
2524,600006,东风汽车,湖北
2525,300395,菲利华,湖北
2526,300567,精测电子,湖北
2527,300018,中元股份,湖北
2528,000966,长源电力,湖北
2529,300220,金运激光,湖北
2530,600421,仰帆控股,湖北
2531,600086,东方金钰,湖北
2532,600005,武钢股份,湖北
2533,000783,长江证券,湖北
2534,603067,振华股份,湖北
2535,000553,沙隆达Ａ,湖北
2536,002159,三特索道,湖北
2537,600681,百川能源,湖北
2538,000883,湖北能源,湖北
2539,300205,天喻信息,湖北
2540,002397,梦洁股份,湖南
2541,000722,湖南发展,湖南
2542,000622,*ST恒立,湖南
2543,002549,凯美特气,湖南
2544,000989,九 芝 堂,湖南
2545,002113,天润数娱,湖南
2546,000590,启迪古汉,湖南
2547,002452,长高集团,湖南
2548,300148,天舟文化,湖南
2549,002096,南岭民爆,湖南
2550,000157,中联重科,湖南
2551,600127,金健米业,湖南
2552,002567,唐人神,湖南
2553,002650,加加食品,湖南
2554,600257,大湖股份,湖南
2555,000748,长城信息,湖南
2556,300338,开元仪器,湖南
2557,002155,湖南黄金,湖南
2558,300187,永清环保,湖南
2559,600975,新五丰,湖南
2560,603989,艾华集团,湖南
2561,600969,郴电国际,湖南
2562,000419,通程控股,湖南
2563,300474,景嘉微,湖南
2564,601636,旗滨集团,湖南
2565,600479,千金药业,湖南
2566,600698,湖南天雁,湖南
2567,300268,万福生科,湖南
2568,300267,尔康制药,湖南
2569,300216,千山药机,湖南
2570,601901,方正证券,湖南
2571,002716,金贵银业,湖南
2572,000819,岳阳兴长,湖南
2573,601098,中南传媒,湖南
2574,603939,益丰药房,湖南
2575,002523,天桥起重,湖南
2576,300413,快乐购,湖南
2577,000908,景峰医药,湖南
2578,600031,三一重工,湖南
2579,000519,江南红箭,湖南
2580,002533,金杯电工,湖南
2581,002125,湘潭电化,湖南
2582,002412,汉森制药,湖南
2583,600731,湖南海利,湖南
2584,600156,华升股份,湖南
2585,300035,中科电气,湖南
2586,300123,太阳鸟,湖南
2587,000702,正虹科技,湖南
2588,600963,岳阳林纸,湖南
2589,000799,酒鬼酒,湖南
2590,000430,张家界,湖南
2591,603998,方盛制药,湖南
2592,000428,华天酒店,湖南
2593,002661,克明面业,湖南
2594,603883,老百姓,湖南
2595,002277,友阿股份,湖南
2596,000906,物产中拓,湖南
2597,600599,熊猫金控,湖南
2598,002251,步 步 高,湖南
2599,000998,隆平高科,湖南
2600,600416,湘电股份,湖南
2601,603319,湘油泵,湖南
2602,600744,华银电力,湖南
2603,300358,楚天科技,湖南
2604,002505,大康农业,湖南
2605,300345,红宇新材,湖南
2606,300490,华自科技,湖南
2607,000932,华菱钢铁,湖南
2608,600390,*ST金瑞,湖南
2609,000917,电广传媒,湖南
2610,600458,时代新材,湖南
2611,002097,山河智能,湖南
2612,300298,三诺生物,湖南
2613,000504,*ST生物,湖南
2614,600476,湘邮科技,湖南
2615,603959,百利科技,湖南
2616,000548,湖南投资,湖南
2617,300515,三德科技,湖南
2618,300015,爱尔眼科,湖南
2619,002761,多喜爱,湖南
2620,002261,拓维信息,湖南
2621,600478,科力远,湖南
2622,600961,株冶集团,湖南
2623,000900,现代投资,湖南
2624,002297,博云新材,湖南
2625,300433,蓝思科技,湖南
2626,603919,金徽酒,甘肃
2627,000791,甘肃电投,甘肃
2628,600543,莫高股份,甘肃
2629,600720,祁连山,甘肃
2630,600108,亚盛集团,甘肃
2631,600192,长城电工,甘肃
2632,002644,佛慈制药,甘肃
2633,600687,刚泰控股,甘肃
2634,600516,方大炭素,甘肃
2635,603999,读者传媒,甘肃
2636,000995,*ST皇台,甘肃
2637,000981,银亿股份,甘肃
2638,002219,恒康医疗,甘肃
2639,300534,陇神戎发,甘肃
2640,300021,大禹节水,甘肃
2641,600307,酒钢宏兴,甘肃
2642,000929,兰州黄河,甘肃
2643,000672,上峰水泥,甘肃
2644,002185,华天科技,甘肃
2645,600354,敦煌种业,甘肃
2646,002145,中核钛白,甘肃
2647,000552,靖远煤电,甘肃
2648,000779,三毛派神,甘肃
2649,002772,众兴菌业,甘肃
2650,601798,蓝科高新,甘肃
2651,300084,海默科技,甘肃
2652,600738,兰州民百,甘肃
2653,603169,兰石重装,甘肃
2654,600311,荣华实业,甘肃
2655,603696,安记食品,福建
2656,600870,厦华电子,福建
2657,000797,中国武夷,福建
2658,300062,中能电气,福建
2659,002098,浔兴股份,福建
2660,002110,三钢闽光,福建
2661,300427,红相电力,福建
2662,300174,元力股份,福建
2663,300560,中富通,福建
2664,300056,三维丝,福建
2665,002785,万里石,福建
2666,600711,盛屯矿业,福建
2667,600755,厦门国贸,福建
2668,600067,冠城大通,福建
2669,601377,兴业证券,福建
2670,002509,天广中茂,福建
2671,000993,闽东电力,福建
2672,600153,建发股份,福建
2673,300132,青松股份,福建
2674,300198,纳川股份,福建
2675,000671,阳 光 城,福建
2676,002093,国脉科技,福建
2677,600592,龙溪股份,福建
2678,600483,福能股份,福建
2679,002174,游族网络,福建
2680,002396,星网锐捷,福建
2681,603636,南威软件,福建
2682,300051,三五互联,福建
2683,603555,贵人鸟,福建
2684,002229,鸿博股份,福建
2685,300102,乾照光电,福建
2686,000732,泰禾集团,福建
2687,002752,昇兴股份,福建
2688,002578,闽发铝业,福建
2689,600734,实达集团,福建
2690,002803,吉宏股份,福建
2691,002299,圣农发展,福建
2692,300436,广生堂,福建
2693,002639,雪人股份,福建
2694,600563,法拉电子,福建
2695,002679,福建金森,福建
2696,002593,日上集团,福建
2697,600057,象屿股份,福建
2698,601899,紫金矿业,福建
2699,002682,龙洲股份,福建
2700,300341,麦迪电气,福建
2701,000526,紫光学大,福建
2702,600203,福日电子,福建
2703,300096,易联众,福建
2704,000632,三木集团,福建
2705,300525,博思软件,福建
2706,002029,七 匹 狼,福建
2707,000592,平潭发展,福建
2708,601166,兴业银行,福建
2709,002788,鹭燕医药,福建
2710,600686,金龙汽车,福建
2711,600802,福建水泥,福建
2712,002417,三元达,福建
2713,603306,华懋科技,福建
2714,600493,凤竹纺织,福建
2715,002517,恺英网络,福建
2716,600549,厦门钨业,福建
2717,002228,合兴包装,福建
2718,600897,厦门空港,福建
2719,601566,九牧王,福建
2720,000905,厦门港务,福建
2721,600693,东百集团,福建
2722,002235,安妮股份,福建
2723,002335,科华恒盛,福建
2724,603686,龙马环卫,福建
2725,002070,众和股份,福建
2726,600388,龙净环保,福建
2727,603737,三棵树,福建
2728,002398,建研集团,福建
2729,002626,金达威,福建
2730,603678,火炬电子,福建
2731,002614,蒙发利,福建
2732,000997,新 大 陆,福建
2733,000663,永安林业,福建
2734,002674,兴业科技,福建
2735,000753,漳州发展,福建
2736,600103,青山纸业,福建
2737,002102,冠福股份,福建
2738,600033,福建高速,福建
2739,002529,海源机械,福建
2740,002702,海欣食品,福建
2741,603663,三祥新材,福建
2742,002474,榕基软件,福建
2743,000536,华映科技,福建
2744,002790,瑞尔特,福建
2745,000547,航天发展,福建
2746,002222,福晶科技,福建
2747,002264,新 华 都,福建
2748,600603,*ST兴业,福建
2749,600815,厦工股份,福建
2750,300188,美亚柏科,福建
2751,601933,永辉超市,福建
2752,603909,合诚股份,福建
2753,600163,中闽能源,福建
2754,600573,惠泉啤酒,福建
2755,600436,片仔癀,福建
2756,002300,太阳电缆,福建
2757,002729,好利来,福建
2758,600660,福耀玻璃,福建
2759,000701,厦门信达,福建
2760,300299,富春通信,福建
2761,601020,华钰矿业,西藏
2762,600873,梅花生物,西藏
2763,002287,奇正藏药,西藏
2764,600749,西藏旅游,西藏
2765,600338,西藏珠峰,西藏
2766,002826,易明医药,西藏
2767,000762,西藏矿业,西藏
2768,002827,高争民爆,西藏
2769,600326,西藏天路,西藏
2770,000752,西藏发展,西藏
2771,603669,灵康药业,西藏
2772,600211,西藏药业,西藏
2773,600773,西藏城投,西藏
2774,002653,海思科,西藏
2775,600367,红星发展,贵州
2776,000589,黔轮胎Ａ,贵州
2777,600112,天成控股,贵州
2778,601997,贵阳银行,贵州
2779,002390,信邦制药,贵州
2780,002424,贵州百灵,贵州
2781,600227,赤天化,贵州
2782,000540,中天城投,贵州
2783,600519,贵州茅台,贵州
2784,600395,盘江股份,贵州
2785,300288,朗玛信息,贵州
2786,002037,久联发展,贵州
2787,600594,益佰制药,贵州
2788,002025,航天电器,贵州
2789,000920,南方汇通,贵州
2790,000733,振华科技,贵州
2791,600765,中航重机,贵州
2792,600992,贵绳股份,贵州
2793,002039,黔源电力,贵州
2794,600523,贵航股份,贵州
2795,000851,高鸿股份,贵州
2796,002123,梦网荣信,辽宁
2797,603318,派思股份,辽宁
2798,600718,东软集团,辽宁
2799,000511,*ST烯碳,辽宁
2800,300210,森远股份,辽宁
2801,600297,广汇汽车,辽宁
2802,601999,出版传媒,辽宁
2803,600609,金杯汽车,辽宁
2804,002621,三垒股份,辽宁
2805,000881,大连国际,辽宁
2806,600694,大商股份,辽宁
2807,000698,沈阳化工,辽宁
2808,600231,凌钢股份,辽宁
2809,600593,大连圣亚,辽宁
2810,600795,国电电力,辽宁
2811,002069,*ST獐岛,辽宁
2812,600719,大连热电,辽宁
2813,000898,鞍钢股份,辽宁
2814,603399,新华龙,辽宁
2815,601880,大连港,辽宁
2816,002220,天宝股份,辽宁
2817,300293,蓝英装备,辽宁
2818,300405,科隆精化,辽宁
2819,000059,华锦股份,辽宁
2820,000530,大冷股份,辽宁
2821,600747,大连控股,辽宁
2822,002667,鞍重股份,辽宁
2823,600739,辽宁成大,辽宁
2824,600346,恒力股份,辽宁
2825,603315,福鞍股份,辽宁
2826,300097,智云股份,辽宁
2827,002231,奥维通信,辽宁
2828,600167,联美控股,辽宁
2829,600317,营口港,辽宁
2830,002689,远大智能,辽宁
2831,300125,易世达,辽宁
2832,000597,东北制药,辽宁
2833,600306,*ST商城,辽宁
2834,600190,锦州港,辽宁
2835,300082,奥克股份,辽宁
2836,603609,禾丰牧业,辽宁
2837,600758,红阳能源,辽宁
2838,300290,荣科科技,辽宁
2839,002354,天神娱乐,辽宁
2840,600715,文投控股,辽宁
2841,000692,惠天热电,辽宁
2842,300372,欣泰电气,辽宁
2843,002204,大连重工,辽宁
2844,600241,时代万恒,辽宁
2845,300202,聚龙股份,辽宁
2846,002447,壹桥股份,辽宁
2847,000809,铁岭新城,辽宁
2848,000751,锌业股份,辽宁
2849,600233,圆通速递,辽宁
2850,603866,桃李面包,辽宁
2851,000761,本钢板材,辽宁
2852,600125,铁龙物流,辽宁
2853,600396,金山股份,辽宁
2854,000410,沈阳机床,辽宁
2855,300473,德尔股份,辽宁
2856,300024,机器人,辽宁
2857,600303,曙光股份,辽宁
2858,000679,大连友谊,辽宁
2859,000715,中兴商业,辽宁
2860,000638,万方发展,辽宁
2861,000616,海航投资,辽宁
2862,000818,方大化工,辽宁
2863,000820,金城股份,辽宁
2864,002731,萃华珠宝,辽宁
2865,002487,大金重工,辽宁
2866,000633,*ST合金,辽宁
2867,600399,抚顺特钢,辽宁
2868,002606,大连电瓷,辽宁
2869,603601,再升科技,重庆
2870,600132,重庆啤酒,重庆
2871,000514,渝 开 发,重庆
2872,300363,博腾股份,重庆
2873,600452,涪陵电力,重庆
2874,603100,川仪股份,重庆
2875,601005,重庆钢铁,重庆
2876,000892,星美联合,重庆
2877,600292,远达环保,重庆
2878,000625,长安汽车,重庆
2879,002004,华邦健康,重庆
2880,601965,中国汽研,重庆
2881,000656,金科股份,重庆
2882,600877,中国嘉陵,重庆
2883,001696,宗申动力,重庆
2884,300194,福安药业,重庆
2885,600565,迪马股份,重庆
2886,601127,小康股份,重庆
2887,000591,太阳能,重庆
2888,600729,重庆百货,重庆
2889,601777,力帆股份,重庆
2890,600917,重庆燃气,重庆
2891,600666,奥瑞德,重庆
2892,002558,世纪游轮,重庆
2893,600279,重庆港九,重庆
2894,300006,莱美药业,重庆
2895,002507,涪陵榨菜,重庆
2896,600116,三峡水利,重庆
2897,300275,梅安森,重庆
2898,600129,太极集团,重庆
2899,600847,万里股份,重庆
2900,300122,智飞生物,重庆
2901,000565,渝三峡Ａ,重庆
2902,000688,建新矿业,重庆
2903,000788,北大医药,重庆
2904,600369,西南证券,重庆
2905,603766,隆鑫通用,重庆
2906,002765,蓝黛传动,重庆
2907,000736,中房地产,重庆
2908,002742,三圣股份,重庆
2909,601158,重庆水务,重庆
2910,000950,*ST建峰,重庆
2911,600106,重庆路桥,重庆
2912,300103,达刚路机,陕西
2913,000796,凯撒旅游,陕西
2914,600379,宝光股份,陕西
2915,600893,中航动力,陕西
2916,600248,延长化建,陕西
2917,000561,烽火电子,陕西
2918,600706,曲江文旅,陕西
2919,002109,*ST兴化,陕西
2920,600817,*ST宏盛,陕西
2921,600343,航天动力,陕西
2922,000721,西安饮食,陕西
2923,600455,博通股份,陕西
2924,300023,宝德股份,陕西
2925,000837,秦川机床,陕西
2926,600302,标准股份,陕西
2927,600984,建设机械,陕西
2928,600217,中再资环,陕西
2929,300116,坚瑞沃能,陕西
2930,000610,西安旅游,陕西
2931,601958,金钼股份,陕西
2932,300397,天和防务,陕西
2933,000516,国际医学,陕西
2934,600456,宝钛股份,陕西
2935,002799,环球印务,陕西
2936,000768,中航飞机,陕西
2937,601012,隆基股份,陕西
2938,600707,彩虹股份,陕西
2939,300114,中航电测,陕西
2940,000697,炼石有色,陕西
2941,600080,金花股份,陕西
2942,000563,陕国投Ａ,陕西
2943,300164,通源石油,陕西
2944,000812,陕西金叶,陕西
2945,002673,西部证券,陕西
2946,000564,西安民生,陕西
2947,601225,陕西煤业,陕西
2948,002149,西部材料,陕西
2949,002267,陕天然气,陕西
2950,601015,陕西黑猫,陕西
2951,601369,陕鼓动力,陕西
2952,601179,中国西电,陕西
2953,300140,启源装备,陕西
2954,300487,蓝晓科技,陕西
2955,600831,广电网络,陕西
2956,600869,智慧能源,青海
2957,600771,广誉远,青海
2958,601168,西部矿业,青海
2959,600117,西宁特钢,青海
2960,603843,正平股份,青海
2961,600243,青海华鼎,青海
2962,600381,青海春天,青海
2963,002646,青青稞酒,青海
2964,000606,*ST易桥,青海
2965,000792,盐湖股份,青海
2966,600714,金瑞矿业,青海
2967,603567,珍宝岛,黑龙江
2968,600178,东安动力,黑龙江
2969,600811,东方集团,黑龙江
2970,600095,哈高科,黑龙江
2971,601188,龙江交通,黑龙江
2972,000711,京蓝科技,黑龙江
2973,601011,宝泰隆,黑龙江
2974,600182,S佳通,黑龙江
2975,600179,安通控股,黑龙江
2976,600289,亿阳信通,黑龙江
2977,600891,秋林集团,黑龙江
2978,000587,金洲慈航,黑龙江
2979,000922,佳电股份,黑龙江
2980,300040,九洲电气,黑龙江
2981,600853,龙建股份,黑龙江
2982,600829,人民同泰,黑龙江
2983,002437,誉衡药业,黑龙江
2984,603023,威帝股份,黑龙江
2985,002698,博实股份,黑龙江
2986,002737,葵花药业,黑龙江
2987,601106,中国一重,黑龙江
2988,600202,哈空调,黑龙江
2989,600371,万向德农,黑龙江
2990,000985,大庆华科,黑龙江
2991,600187,国中水务,黑龙江
2992,600726,华电能源,黑龙江
2993,600701,*ST工新,黑龙江
2994,300489,中飞股份,黑龙江
2995,600664,哈药股份,黑龙江
2996,600705,中航资本,黑龙江
2997,000901,航天科技,黑龙江
2998,600598,北大荒,黑龙江
2999,600038,中直股份,黑龙江
3000,600356,恒丰纸业,黑龙江
3001,600864,哈投股份,黑龙江
