date,open,high,close,low,volume,price_change,p_change,ma5,ma10,ma20,v_ma5,v_ma10,v_ma20,turnover
2016-10-13 15:00:00,9.08,9.08,9.07,9.06,23088.3,-0.01,-0.11,9.068,9.07,9.0915,32372.4,32641.7,34925.3,0.02
2016-10-13 14:30:00,9.08,9.08,9.06,9.06,19585.4,-0.02,-0.22,9.068,9.071,9.095,33186.0,35222.9,34181.2,0.01
2016-10-13 14:15:00,9.07,9.08,9.08,9.06,35590.8,0.01,0.11,9.07,9.074,9.0995,31848.8,37461.2,33724.9,0.02
2016-10-13 14:00:00,9.07,9.08,9.07,9.05,37459.2,0.0,0.0,9.07,9.076,9.102,30670.2,38188.6,32336.1,0.03
2016-10-13 13:45:00,9.07,9.07,9.06,9.05,46138.5,-0.01,-0.11,9.07,9.079,9.105,34735.3,39138.0,30959.8,0.03
2016-10-13 13:30:00,9.07,9.08,9.07,9.06,27156.4,0.0,0.0,9.072,9.083,9.109,32911.0,45372.3,29241.5,0.02
2016-10-13 13:15:00,9.08,9.08,9.07,9.07,12899.1,-0.01,-0.11,9.074,9.089,9.1125,37259.7,44054.9,28889.9,0.01
2016-10-13 11:30:00,9.06,9.08,9.08,9.06,29697.8,0.02,0.22,9.078,9.094,9.116,43073.7,44920.4,29310.6,0.02
2016-10-13 11:15:00,9.07,9.08,9.07,9.05,57784.5,0.0,0.0,9.082,9.098,9.12,45706.9,44464.4,28736.4,0.04
2016-10-13 11:00:00,9.08,9.08,9.07,9.06,37017.2,-0.01,-0.11,9.088,9.106,9.1235,43540.6,40253.2,27007.7,0.03
2016-10-13 10:45:00,9.09,9.1,9.08,9.08,48900.1,-0.01,-0.11,9.094,9.113,9.1265,57833.6,37209.0,26671.6,0.03
2016-10-13 10:30:00,9.11,9.11,9.09,9.09,41968.9,-0.02,-0.22,9.104,9.119,9.1295,50850.1,33139.4,25148.7,0.03
2016-10-13 10:15:00,9.11,9.11,9.1,9.1,42863.8,-0.01,-0.11,9.11,9.125,9.132,46767.2,29988.5,23988.8,0.03
2016-10-13 10:00:00,9.09,9.11,9.1,9.09,46953.2,0.01,0.11,9.114,9.128,9.134,43221.9,26483.7,23092.8,0.03
2016-10-13 09:45:00,9.08,9.11,9.1,9.08,108482.0,0.02,0.22,9.124,9.131,9.136,36965.7,22781.6,21807.0,0.07
2016-10-12 14:45:00,9.12,9.14,9.13,9.12,13982.6,0.01,0.11,9.132,9.135,9.138,16584.3,13110.8,17169.5,0.01
2016-10-12 14:30:00,9.12,9.14,9.12,9.12,21554.2,0.0,0.0,9.134,9.136,9.138,15428.8,13724.8,16795.0,0.01
2016-10-12 14:15:00,9.14,9.15,9.12,9.12,25137.7,-0.02,-0.22,9.14,9.138,9.1385,13209.9,13700.7,16286.3,0.02
2016-10-12 14:00:00,9.14,9.15,9.15,9.14,15672.1,0.01,0.11,9.142,9.142,9.1395,9745.41,13008.5,15587.6,0.01
2016-10-12 13:45:00,9.14,9.15,9.14,9.14,6574.88,0.0,0.0,9.138,9.141,9.1395,8597.55,13762.3,15574.4,0.0
2016-10-12 13:30:00,9.14,9.15,9.14,9.14,8204.96,0.0,0.0,9.138,9.14,9.1395,9637.29,16134.3,16557.7,0.01
2016-10-12 13:15:00,9.13,9.15,9.15,9.13,10459.7,0.02,0.22,9.138,9.14,9.1395,12020.9,17158.0,16755.1,0.01
2016-10-12 11:30:00,9.13,9.14,9.13,9.13,7815.38,0.0,0.0,9.136,9.139,9.1385,14191.5,17989.1,17002.6,0.01
2016-10-12 11:15:00,9.14,9.14,9.13,9.13,9932.81,-0.01,-0.11,9.142,9.14,9.1385,16271.5,19702.0,18560.1,0.01
2016-10-12 11:00:00,9.14,9.15,9.14,9.13,11773.6,0.0,0.0,9.144,9.141,9.1385,18927.0,20832.5,19478.3,0.01
2016-10-12 10:45:00,9.14,9.16,9.14,9.14,20123.0,0.0,0.0,9.142,9.141,9.138,22631.2,21228.2,20023.7,0.01
2016-10-12 10:30:00,9.16,9.16,9.14,9.14,21312.9,-0.02,-0.22,9.142,9.14,9.138,22295.2,19865.2,22701.2,0.01
2016-10-12 10:15:00,9.14,9.16,9.16,9.14,18215.2,0.02,0.22,9.142,9.139,9.137,21786.7,18871.9,24349.2,0.01
2016-10-12 10:00:00,9.13,9.15,9.14,9.13,23210.2,0.01,0.11,9.138,9.137,9.135,23132.5,18166.7,25851.4,0.02
2016-10-12 09:45:00,9.14,9.14,9.13,9.12,30294.8,-0.01,-0.11,9.138,9.138,9.134,22738.0,17386.5,26643.7,0.02
2016-10-11 15:00:00,9.14,9.15,9.14,9.13,18442.7,0.0,0.0,9.14,9.139,9.133,19825.2,16981.1,26507.9,0.01
2016-10-11 14:45:00,9.14,9.15,9.14,9.13,18770.6,0.0,0.0,9.138,9.139,9.132,17435.3,16352.1,26698.1,0.01
2016-10-11 14:30:00,9.14,9.15,9.14,9.13,24944.2,0.0,0.0,9.136,9.138,9.1305,15957.2,16016.0,27628.1,0.02
2016-10-11 14:15:00,9.13,9.15,9.14,9.13,21237.5,0.01,0.11,9.136,9.137,9.1295,13201.0,17418.1,28730.6,0.01
2016-10-11 14:00:00,9.13,9.14,9.14,9.13,15731.0,0.01,0.11,9.138,9.136,9.1285,12034.9,18124.1,29818.8,0.01
2016-10-11 13:45:00,9.13,9.14,9.13,9.13,6493.23,0.0,0.0,9.138,9.135,9.1295,14136.9,18819.3,31226.9,0.0
2016-10-11 13:30:00,9.14,9.14,9.13,9.13,11380.0,-0.01,-0.11,9.14,9.136,9.1285,15269.0,25537.2,31872.2,0.01
2016-10-11 13:15:00,9.15,9.15,9.14,9.13,11163.1,-0.01,-0.11,9.14,9.135,9.127,16074.9,29826.5,32881.2,0.01
2016-10-11 11:30:00,9.15,9.15,9.15,9.13,15407.4,0.0,0.0,9.138,9.133,9.1245,21635.3,33536.2,33756.7,0.01
2016-10-11 11:15:00,9.14,9.15,9.14,9.13,26240.8,0.0,0.0,9.134,9.13,9.1215,24213.2,35900.9,34248.4,0.02
2016-10-11 11:00:00,9.12,9.14,9.14,9.12,12153.6,0.02,0.22,9.132,9.127,9.119,23501.6,36034.8,34298.0,0.01
2016-10-11 10:45:00,9.13,9.14,9.13,9.12,15409.5,0.0,0.0,9.132,9.125,9.1175,35805.5,37044.1,36598.4,0.01
2016-10-11 10:30:00,9.13,9.14,9.13,9.12,38965.1,0.0,0.0,9.13,9.123,9.1145,43578.0,39240.2,38779.2,0.03
2016-10-11 10:15:00,9.14,9.15,9.13,9.13,28296.9,-0.01,-0.11,9.128,9.122,9.112,45437.0,40043.0,38245.9,0.02
2016-10-11 10:00:00,9.12,9.14,9.13,9.12,22683.1,0.01,0.11,9.126,9.121,9.11,47588.7,41513.6,37895.6,0.02
2016-10-11 09:45:00,9.13,9.14,9.14,9.11,73672.9,0.01,0.11,9.122,9.124,9.1085,48568.0,43634.5,37702.8,0.05
2016-10-10 15:00:00,9.11,9.12,9.12,9.09,54272.2,0.01,0.11,9.118,9.121,9.106,38282.6,38207.2,35018.8,0.04
2016-10-10 14:45:00,9.13,9.13,9.12,9.1,48260.1,-0.01,-0.11,9.116,9.119,9.105,34902.4,35935.9,33658.2,0.03
2016-10-10 14:30:00,9.12,9.13,9.12,9.11,39055.0,0.0,0.0,9.116,9.116,9.103,34648.9,33977.3,31985.6,0.03
2016-10-10 14:15:00,9.11,9.13,9.11,9.1,27579.9,0.0,0.0,9.116,9.113,9.1005,35438.5,32595.9,30654.0,0.02
2016-10-10 14:00:00,9.12,9.13,9.12,9.11,22245.8,0.0,0.0,9.126,9.111,9.099,38700.9,32561.3,29463.8,0.02
2016-10-10 13:45:00,9.12,9.13,9.11,9.11,37371.0,-0.01,-0.11,9.124,9.11,9.0965,38131.7,36152.7,29349.4,0.03
2016-10-10 13:30:00,9.13,9.14,9.12,9.12,46993.0,-0.01,-0.11,9.122,9.106,9.0945,36969.5,38318.1,27780.9,0.03
2016-10-10 13:15:00,9.16,9.17,9.12,9.12,43003.0,-0.04,-0.44,9.116,9.102,9.092,33305.6,36448.9,25832.1,0.03
2016-10-10 11:30:00,9.11,9.17,9.16,9.11,43891.7,0.05,0.55,9.11,9.099,9.0895,29753.3,34277.5,24319.0,0.03
2016-10-10 11:15:00,9.12,9.13,9.11,9.11,19400.0,-0.01,-0.11,9.096,9.093,9.085,26421.6,31771.1,22922.9,0.01
2016-10-10 10:45:00,9.09,9.1,9.1,9.08,31559.7,0.01,0.11,9.096,9.091,9.083,34173.6,31830.4,22522.7,0.02
2016-10-10 10:30:00,9.1,9.1,9.09,9.09,28673.7,-0.01,-0.11,9.09,9.091,9.0805,39666.8,31380.4,22161.8,0.02
2016-10-10 10:15:00,9.09,9.1,9.09,9.09,25241.4,0.0,0.0,9.088,9.09,9.0795,39592.2,29993.8,22369.6,0.02
2016-10-10 10:00:00,9.11,9.11,9.09,9.09,27233.4,-0.02,-0.22,9.088,9.088,9.0785,38801.7,28712.0,22498.4,0.02
2016-10-10 09:45:00,9.11,9.11,9.11,9.09,58159.8,0.0,0.0,9.09,9.087,9.077,37120.5,26366.2,22219.3,0.04
2016-09-30 15:00:00,9.07,9.08,9.07,9.06,59025.5,0.0,0.0,9.086,9.083,9.075,29487.2,22546.1,20293.8,0.04
2016-09-30 14:45:00,9.08,9.09,9.08,9.07,28300.7,0.0,0.0,9.092,9.083,9.0745,23094.1,17243.7,17683.8,0.02
2016-09-30 14:30:00,9.1,9.1,9.09,9.08,21289.1,-0.01,-0.11,9.092,9.082,9.074,20395.5,15215.4,16772.5,0.01
2016-09-30 14:15:00,9.09,9.1,9.1,9.08,18827.3,0.01,0.11,9.088,9.08,9.073,18622.3,14360.5,16664.6,0.01
2016-09-30 14:00:00,9.09,9.1,9.09,9.07,19993.5,0.0,0.0,9.084,9.077,9.072,15612.0,14074.7,16247.2,0.01
2016-09-30 13:45:00,9.08,9.1,9.1,9.07,27059.9,0.02,0.22,9.08,9.075,9.071,15605.1,13214.9,15702.7,0.02
2016-09-30 13:30:00,9.07,9.09,9.08,9.07,14807.8,0.01,0.11,9.074,9.07,9.0695,11393.3,12943.1,15914.5,0.01
2016-09-30 13:15:00,9.07,9.08,9.07,9.07,12422.8,0.0,0.0,9.072,9.069,9.069,10035.2,14745.4,15847.2,0.01
2016-09-30 11:30:00,9.06,9.08,9.08,9.06,3776.0,0.02,0.22,9.072,9.069,9.069,10098.8,16284.9,16118.2,0.0
2016-09-30 11:15:00,9.07,9.08,9.07,9.06,19958.8,0.0,0.0,9.07,9.067,9.0675,12537.4,18072.3,17646.4,0.01
2016-09-30 11:00:00,9.07,9.07,9.07,9.06,6001.22,0.0,0.0,9.07,9.067,9.067,10824.8,18041.5,17512.6,0.0
2016-09-30 10:45:00,9.07,9.07,9.07,9.06,8017.38,0.0,0.0,9.066,9.066,9.066,14492.8,18123.8,18226.9,0.01
2016-09-30 10:30:00,9.07,9.07,9.07,9.06,12740.6,0.0,0.0,9.066,9.066,9.065,19455.6,18329.6,18617.3,0.01
2016-09-30 10:15:00,9.06,9.07,9.07,9.06,15969.0,0.01,0.11,9.066,9.066,9.064,22471.0,18968.7,19050.2,0.01
2016-09-30 10:00:00,9.06,9.07,9.07,9.05,11395.8,0.01,0.11,9.064,9.067,9.063,23607.2,18419.8,18962.5,0.01
2016-09-30 09:45:00,9.06,9.07,9.05,9.05,24341.3,-0.01,-0.11,9.064,9.067,9.0615,25258.1,18190.5,18928.2,0.02
2016-09-29 15:00:00,9.07,9.08,9.07,9.05,32831.1,0.0,0.0,9.066,9.069,9.0615,21754.9,18885.9,18298.5,0.02
2016-09-29 14:45:00,9.06,9.08,9.07,9.05,27817.5,0.01,0.11,9.066,9.069,9.0605,17203.7,16948.9,17788.6,0.02
2016-09-29 14:30:00,9.06,9.08,9.06,9.06,21650.5,0.0,0.0,9.066,9.069,9.0595,15466.4,15951.5,17530.8,0.01
2016-09-29 14:15:00,9.07,9.08,9.07,9.06,19650.2,0.0,0.0,9.07,9.068,9.059,13232.3,17220.5,17499.2,0.01
2016-09-29 14:00:00,9.06,9.07,9.06,9.06,6825.03,0.0,0.0,9.07,9.067,9.0585,11122.9,16983.6,16905.8,0.0
2016-09-29 13:45:00,9.06,9.07,9.07,9.06,10075.4,0.01,0.11,9.072,9.066,9.0585,16017.0,18330.1,17088.5,0.01
2016-09-29 13:15:00,9.08,9.08,9.07,9.06,19131.0,-0.01,-0.11,9.072,9.064,9.0575,16694.2,18904.9,17323.2,0.01
2016-09-29 11:30:00,9.08,9.08,9.08,9.07,10480.0,0.0,0.0,9.072,9.062,9.0565,16436.6,19131.7,17405.3,0.01
2016-09-29 11:15:00,9.07,9.08,9.07,9.07,9103.27,0.0,0.0,9.066,9.059,9.0555,21208.8,19505.2,17869.9,0.01
2016-09-29 11:00:00,9.07,9.08,9.07,9.06,31295.3,0.0,0.0,9.064,9.056,9.055,22844.4,19665.9,18421.8,0.02
2016-09-29 10:45:00,9.07,9.07,9.07,9.06,13461.2,0.0,0.0,9.06,9.054,9.054,20643.1,17711.0,17671.2,0.01
2016-09-29 10:30:00,9.05,9.07,9.07,9.05,17843.0,0.02,0.22,9.056,9.052,9.0535,21115.7,18628.4,17923.6,0.01
2016-09-29 10:15:00,9.06,9.07,9.05,9.05,34341.0,-0.01,-0.11,9.052,9.05,9.053,21826.8,19110.2,18744.6,0.02
2016-09-29 10:00:00,9.06,9.06,9.06,9.05,17281.3,0.0,0.0,9.052,9.05,9.0525,17801.6,17777.9,18656.8,0.01
2016-09-29 09:45:00,9.05,9.06,9.05,9.05,20289.1,0.0,0.0,9.048,9.05,9.0515,16487.4,16828.0,19568.5,0.01
2016-09-28 15:00:00,9.05,9.05,9.05,9.03,15824.2,0.0,0.0,9.048,9.051,9.05,14778.9,15847.0,20074.5,0.01
2016-09-28 14:45:00,9.05,9.05,9.05,9.04,21398.2,0.0,0.0,9.048,9.051,9.0485,16141.0,15741.4,20460.7,0.01
2016-09-28 14:30:00,9.03,9.05,9.05,9.03,14215.1,0.02,0.22,9.048,9.051,9.0475,16393.5,15679.0,20918.4,0.01
2016-09-28 14:15:00,9.05,9.05,9.04,9.03,10710.5,-0.01,-0.11,9.048,9.052,9.047,17754.3,16234.5,20700.5,0.01
2016-09-28 14:00:00,9.05,9.05,9.05,9.04,11746.4,0.0,0.0,9.052,9.054,9.0475,17168.6,17177.7,20794.2,0.01
2016-09-28 13:45:00,9.05,9.05,9.05,9.04,22634.8,0.0,0.0,9.054,9.054,9.0475,16915.2,17631.5,20979.5,0.02
2016-09-28 13:30:00,9.05,9.05,9.05,9.03,22660.9,0.0,0.0,9.054,9.055,9.0475,15341.9,17218.9,20955.9,0.02
2016-09-28 13:15:00,9.05,9.06,9.05,9.04,21018.7,0.0,0.0,9.054,9.056,9.047,14964.4,18379.1,20668.5,0.01
2016-09-28 11:30:00,9.06,9.06,9.06,9.05,7782.17,0.0,0.0,9.056,9.055,9.0465,14714.8,19535.6,20609.3,0.01
2016-09-28 11:15:00,9.05,9.06,9.06,9.05,10479.4,0.01,0.11,9.056,9.053,9.045,17186.8,22309.1,21341.8,0.01
2016-09-28 11:00:00,9.06,9.06,9.05,9.04,14768.3,-0.01,-0.11,9.054,9.049,9.045,18347.8,24302.0,21763.1,0.01
2016-09-28 10:45:00,9.06,9.06,9.05,9.04,20773.5,-0.01,-0.11,9.056,9.046,9.0455,19095.9,25179.9,22217.2,0.01
2016-09-28 10:30:00,9.05,9.06,9.06,9.04,19770.7,0.01,0.11,9.058,9.044,9.0445,21793.9,26157.8,23405.4,0.01
2016-09-28 10:15:00,9.05,9.06,9.06,9.04,20141.9,0.01,0.11,9.054,9.042,9.044,24356.5,25166.5,24464.7,0.01
2016-09-28 10:00:00,9.06,9.06,9.05,9.04,16284.4,-0.01,-0.11,9.05,9.041,9.0435,27431.4,24410.8,25699.4,0.01
2016-09-28 09:45:00,9.06,9.06,9.06,9.04,18508.8,0.0,0.0,9.044,9.041,9.044,30256.3,24327.5,26319.7,0.01
2016-09-27 15:00:00,9.04,9.06,9.06,9.03,34263.5,0.02,0.22,9.036,9.04,9.044,31263.9,24693.0,26680.7,0.02
2016-09-27 14:45:00,9.04,9.06,9.04,9.03,32583.8,0.0,0.0,9.03,9.038,9.044,30521.7,22957.8,25785.4,0.02
2016-09-27 14:30:00,9.02,9.04,9.04,9.01,35516.3,0.02,0.22,9.03,9.038,9.045,25976.5,21683.0,25764.7,0.02
2016-09-27 14:15:00,9.02,9.03,9.02,9.01,30409.0,0.0,0.0,9.032,9.037,9.047,21390.2,20374.6,24685.7,0.02
2016-09-27 14:00:00,9.03,9.04,9.02,9.02,23546.9,-0.01,-0.11,9.038,9.041,9.0495,18398.8,19224.1,23920.5,0.02
2016-09-27 13:45:00,9.05,9.05,9.03,9.02,30552.4,-0.02,-0.22,9.044,9.045,9.052,18122.1,19254.5,24178.4,0.02
2016-09-27 13:30:00,9.05,9.06,9.04,9.04,9858.08,-0.01,-0.11,9.046,9.045,9.0545,15393.9,20653.1,23962.4,0.01
2016-09-27 13:15:00,9.05,9.05,9.05,9.04,12584.7,0.0,0.0,9.046,9.046,9.057,17389.4,23762.8,24686.3,0.01
2016-09-27 11:30:00,9.05,9.05,9.05,9.03,15452.0,0.0,0.0,9.042,9.046,9.059,19359.0,26988.0,25062.9,0.01
2016-09-27 11:15:00,9.04,9.05,9.05,9.03,22163.3,0.01,0.11,9.044,9.047,9.06,20049.4,28311.8,26000.5,0.02
2016-09-27 11:00:00,9.04,9.05,9.04,9.03,16911.2,0.0,0.0,9.046,9.048,9.062,20386.8,28668.4,26142.2,0.01
2016-09-27 10:45:00,9.03,9.05,9.04,9.03,19835.9,0.01,0.11,9.044,9.05,9.0645,25912.3,28613.0,26566.5,0.01
2016-09-27 10:30:00,9.05,9.06,9.03,9.03,22432.8,-0.02,-0.22,9.046,9.052,9.0675,30136.2,29846.5,27198.9,0.02
2016-09-27 10:15:00,9.07,9.07,9.06,9.05,18903.6,-0.01,-0.11,9.05,9.057,9.074,34616.9,28996.8,26779.0,0.01
2016-09-27 10:00:00,9.04,9.07,9.06,9.03,23850.8,0.02,0.22,9.05,9.058,9.0785,36574.3,28616.9,26844.7,0.02
2016-09-27 09:45:00,9.04,9.05,9.03,9.03,44538.5,-0.01,-0.11,9.05,9.059,9.0835,36950.0,29102.4,26980.1,0.03
2016-09-26 15:00:00,9.05,9.06,9.05,9.04,40955.4,0.0,0.0,9.056,9.064,9.091,31313.6,27271.6,25978.2,0.03
2016-09-26 14:45:00,9.07,9.07,9.05,9.04,44836.3,-0.02,-0.22,9.058,9.068,9.0975,29556.8,25609.9,24783.0,0.03
2016-09-26 14:30:00,9.06,9.07,9.06,9.06,28690.4,0.0,0.0,9.064,9.072,9.1035,23376.7,23137.8,23242.0,0.02
2016-09-26 14:15:00,9.06,9.07,9.06,9.05,25729.6,0.0,0.0,9.066,9.073,9.108,20659.6,23689.3,22303.0,0.02
2016-09-26 14:00:00,9.06,9.07,9.06,9.06,16356.5,0.0,0.0,9.068,9.076,9.1125,21254.7,23616.0,22268.6,0.01
2016-09-26 13:45:00,9.07,9.07,9.06,9.05,32171.1,-0.01,-0.11,9.072,9.079,9.1175,23229.6,24519.9,21794.1,0.02
2016-09-26 13:30:00,9.08,9.08,9.08,9.07,13935.7,0.0,0.0,9.078,9.083,9.1225,21662.9,24551.3,20557.2,0.01
2016-09-26 13:15:00,9.06,9.08,9.07,9.06,15104.9,0.01,0.11,9.08,9.091,9.1265,22899.0,24561.3,20321.4,0.01
2016-09-26 11:30:00,9.09,9.09,9.07,9.06,28705.2,-0.02,-0.22,9.08,9.099,9.1315,26719.0,25072.5,20235.0,0.02
2016-09-26 11:15:00,9.09,9.11,9.08,9.08,26231.0,-0.01,-0.11,9.084,9.108,9.137,25977.2,24857.8,19664.6,0.02
2016-09-26 11:00:00,9.09,9.11,9.09,9.08,24337.9,0.0,0.0,9.086,9.118,9.142,25810.3,24684.8,19889.9,0.02
2016-09-26 10:45:00,9.07,9.09,9.09,9.06,20116.0,0.02,0.22,9.088,9.127,9.146,27439.6,23956.1,20043.3,0.01
2016-09-26 10:30:00,9.09,9.09,9.07,9.06,34204.7,-0.02,-0.22,9.102,9.135,9.149,26223.6,23346.1,20155.8,0.02
2016-09-26 10:15:00,9.09,9.09,9.09,9.08,24996.6,0.0,0.0,9.118,9.143,9.1535,23426.0,20916.7,19673.0,0.02
2016-09-26 10:00:00,9.11,9.11,9.09,9.08,25396.3,-0.02,-0.22,9.132,9.149,9.156,23738.3,20921.3,20023.7,0.02
2016-09-26 09:45:00,9.13,9.13,9.1,9.1,32484.5,-0.03,-0.33,9.15,9.156,9.1585,23559.4,19068.2,19652.7,0.02
2016-09-23 15:00:00,9.15,9.16,9.16,9.15,14036.0,0.01,0.11,9.166,9.162,9.161,20472.5,16563.0,19152.3,0.01
2016-09-23 14:45:00,9.16,9.17,9.15,9.15,20216.8,-0.01,-0.11,9.168,9.162,9.1605,20468.6,16081.4,19763.4,0.01
2016-09-23 14:30:00,9.17,9.18,9.16,9.15,26558.0,-0.01,-0.11,9.168,9.164,9.1615,18407.4,15397.4,20561.6,0.02
2016-09-23 14:15:00,9.18,9.19,9.18,9.17,24501.6,0.0,0.0,9.166,9.166,9.161,18104.2,14471.3,19953.8,0.02
2016-09-23 14:00:00,9.17,9.18,9.18,9.16,17050.1,0.01,0.11,9.162,9.166,9.1595,14577.0,15094.9,20009.7,0.01
2016-09-23 13:45:00,9.16,9.17,9.17,9.15,14016.4,0.01,0.11,9.158,9.165,9.158,12653.6,16130.6,19933.5,0.01
2016-09-23 13:30:00,9.16,9.17,9.15,9.15,9910.83,-0.01,-0.11,9.156,9.163,9.157,11694.2,16965.4,20288.0,0.01
2016-09-23 13:15:00,9.16,9.18,9.15,9.15,25042.1,-0.01,-0.11,9.16,9.164,9.157,12387.5,18429.4,21717.9,0.02
2016-09-23 11:30:00,9.17,9.17,9.16,9.16,6865.6,-0.01,-0.11,9.166,9.163,9.156,10838.5,19126.2,22756.5,0.0
2016-09-23 11:15:00,9.17,9.17,9.16,9.16,7433.0,-0.01,-0.11,9.17,9.161,9.154,15612.9,20237.3,23980.9,0.01
2016-09-23 11:00:00,9.16,9.17,9.16,9.15,9219.6,0.0,0.0,9.172,9.16,9.1515,19607.6,21741.6,25203.1,0.01
2016-09-23 10:45:00,9.18,9.18,9.17,9.16,13377.1,-0.01,-0.11,9.17,9.159,9.149,22236.6,23445.4,27609.2,0.01
2016-09-23 10:30:00,9.17,9.18,9.18,9.17,17297.0,0.01,0.11,9.168,9.159,9.1455,24471.3,25725.8,29467.6,0.01
2016-09-23 10:15:00,9.17,9.18,9.18,9.16,30737.6,0.01,0.11,9.16,9.156,9.14,27413.9,25436.2,29117.0,0.02
2016-09-23 10:00:00,9.16,9.17,9.17,9.14,27406.5,0.01,0.11,9.152,9.153,9.135,24861.7,24924.5,28409.4,0.02
2016-09-23 09:45:00,9.16,9.16,9.15,9.14,22364.7,-0.01,-0.11,9.148,9.151,9.1305,23875.7,23736.4,27582.4,0.02
2016-09-22 15:00:00,9.15,9.16,9.16,9.14,24550.6,0.01,0.11,9.148,9.151,9.127,24654.2,23610.6,26996.9,0.02
2016-09-22 14:45:00,9.14,9.15,9.14,9.13,32010.1,0.0,0.0,9.15,9.15,9.1235,26980.3,25006.3,26733.3,0.02
2016-09-22 14:30:00,9.15,9.16,9.14,9.13,17976.4,-0.01,-0.11,9.152,9.149,9.121,23458.4,26386.8,26251.5,0.01
2016-09-22 14:15:00,9.16,9.17,9.15,9.14,22476.7,-0.01,-0.11,9.154,9.147,9.1175,24987.3,27724.6,25987.5,0.02
2016-09-22 14:00:00,9.17,9.18,9.15,9.15,26257.0,-0.02,-0.22,9.154,9.143,9.113,23597.2,28664.5,27352.1,0.02
2016-09-22 13:45:00,9.15,9.18,9.17,9.14,36181.3,0.02,0.22,9.154,9.139,9.108,22567.1,31773.0,28602.4,0.02
2016-09-22 13:30:00,9.15,9.17,9.15,9.14,14400.8,0.0,0.0,9.15,9.132,9.102,23032.4,33209.4,29563.7,0.01
2016-09-22 13:15:00,9.15,9.17,9.15,9.14,25620.8,0.0,0.0,9.146,9.124,9.0985,29315.1,32797.8,30066.1,0.02
2016-09-22 11:30:00,9.15,9.16,9.15,9.14,15526.0,0.0,0.0,9.14,9.117,9.0945,30461.9,31894.3,29854.4,0.01
2016-09-22 11:15:00,9.15,9.16,9.15,9.14,21106.4,0.0,0.0,9.132,9.11,9.0905,33731.9,31428.3,29721.4,0.01
2016-09-22 11:00:00,9.13,9.15,9.15,9.13,38507.9,0.02,0.22,9.124,9.103,9.0865,40978.8,30383.3,29687.7,0.03
2016-09-22 10:45:00,9.12,9.14,9.13,9.12,45814.4,0.01,0.11,9.114,9.097,9.0835,43386.5,28460.2,29499.8,0.03
2016-09-22 10:30:00,9.11,9.12,9.12,9.1,31355.0,0.01,0.11,9.102,9.093,9.081,36280.6,26116.2,28587.2,0.02
2016-09-22 10:15:00,9.11,9.12,9.11,9.09,31875.6,0.0,0.0,9.094,9.088,9.079,33326.7,24250.3,27815.0,0.02
2016-09-22 10:00:00,9.11,9.12,9.11,9.1,57341.3,0.0,0.0,9.088,9.083,9.077,29124.8,26039.7,28826.2,0.04
2016-09-22 09:45:00,9.11,9.11,9.1,9.09,50546.1,-0.01,-0.11,9.082,9.077,9.075,19787.7,25431.8,27446.7,0.03
2016-09-21 15:00:00,9.07,9.08,9.07,9.07,10284.8,0.0,0.0,9.08,9.072,9.073,13534.0,25917.9,26769.7,0.01
2016-09-21 14:45:00,9.08,9.08,9.08,9.07,16585.6,0.0,0.0,9.084,9.073,9.0725,15951.9,27334.4,26818.1,0.01
2016-09-21 14:30:00,9.08,9.09,9.08,9.07,10866.2,0.0,0.0,9.082,9.072,9.072,15173.9,27814.5,27489.6,0.01
2016-09-21 14:15:00,9.09,9.09,9.08,9.07,10655.7,-0.01,-0.11,9.078,9.071,9.072,22954.6,28014.4,27970.3,0.01
2016-09-21 14:00:00,9.09,9.09,9.09,9.08,19277.6,0.0,0.0,9.072,9.07,9.0715,31076.0,28992.1,28299.5,0.01
2016-09-21 13:45:00,9.07,9.09,9.09,9.06,22374.5,0.02,0.22,9.064,9.07,9.0705,38301.9,30539.3,28425.3,0.02
2016-09-21 13:30:00,9.06,9.07,9.07,9.04,12695.4,0.01,0.11,9.062,9.069,9.0695,38716.8,31058.1,27974.6,0.01
2016-09-21 13:15:00,9.05,9.06,9.06,9.03,49769.8,0.01,0.11,9.062,9.07,9.0695,40455.2,31379.8,29222.2,0.03
2016-09-21 11:30:00,9.06,9.06,9.05,9.04,51262.8,-0.01,-0.11,9.064,9.071,9.07,33074.2,31612.7,29871.8,0.04
2016-09-21 11:15:00,9.08,9.08,9.05,9.05,55406.8,-0.03,-0.33,9.068,9.073,9.072,26908.3,29461.6,28808.0,0.04
2016-09-21 11:00:00,9.06,9.08,9.08,9.06,24449.1,0.02,0.22,9.076,9.074,9.0745,22776.7,27621.4,26499.9,0.02
2016-09-21 10:45:00,9.07,9.08,9.07,9.06,21387.4,0.0,0.0,9.076,9.072,9.076,23399.4,26301.8,26435.6,0.01
2016-09-21 10:30:00,9.07,9.08,9.07,9.07,12864.8,0.0,0.0,9.078,9.072,9.0775,22304.4,27164.7,26278.4,0.01
2016-09-21 10:15:00,9.09,9.09,9.07,9.07,20433.2,-0.02,-0.22,9.078,9.073,9.0795,30151.3,27926.3,26732.7,0.01
2016-09-21 10:00:00,9.08,9.1,9.09,9.07,34748.9,0.01,0.11,9.078,9.073,9.082,32014.9,27606.8,26741.1,0.02
2016-09-21 09:45:00,9.08,9.08,9.08,9.06,27562.7,0.0,0.0,9.072,9.071,9.0835,32466.2,26311.4,26241.6,0.02
2016-09-20 15:00:00,9.07,9.08,9.08,9.06,15912.3,0.01,0.11,9.068,9.07,9.085,29204.3,24891.1,25697.0,0.01
2016-09-20 14:45:00,9.07,9.09,9.07,9.06,52099.4,0.0,0.0,9.066,9.069,9.087,32025.0,27064.6,25407.0,0.04
2016-09-20 14:30:00,9.07,9.08,9.07,9.06,29751.0,0.0,0.0,9.068,9.069,9.0895,25701.3,28130.9,23193.5,0.02
2016-09-20 14:15:00,9.07,9.08,9.06,9.05,37005.5,-0.01,-0.11,9.068,9.071,9.092,23198.8,28154.4,22945.2,0.03
2016-09-20 14:00:00,9.06,9.07,9.06,9.06,11253.1,0.0,0.0,9.07,9.075,9.095,20156.6,25378.4,21953.0,0.01
2016-09-20 13:45:00,9.08,9.09,9.07,9.06,30015.8,-0.01,-0.11,9.072,9.08,9.098,20577.9,26569.4,22036.8,0.02
2016-09-20 13:30:00,9.06,9.08,9.08,9.06,20480.9,0.02,0.22,9.072,9.083,9.1,22104.2,25392.1,20984.4,0.01
2016-09-20 13:15:00,9.07,9.08,9.07,9.06,17238.5,0.0,0.0,9.07,9.086,9.101,30560.6,25539.1,20730.0,0.01
2016-09-20 11:30:00,9.07,9.07,9.07,9.06,21794.9,0.0,0.0,9.074,9.091,9.102,33110.0,25875.4,21440.4,0.01
2016-09-20 11:15:00,9.07,9.07,9.07,9.05,13359.6,0.0,0.0,9.08,9.096,9.1035,30600.2,26171.8,21562.1,0.01
2016-09-20 11:00:00,9.07,9.08,9.07,9.05,37647.0,0.0,0.0,9.088,9.1,9.106,32560.9,26502.8,21680.7,0.03
2016-09-20 10:45:00,9.09,9.09,9.07,9.07,62763.1,-0.02,-0.22,9.094,9.105,9.108,28680.0,23749.5,22832.1,0.04
2016-09-20 10:30:00,9.1,9.11,9.09,9.08,29985.6,-0.01,-0.11,9.102,9.11,9.108,20517.6,18256.1,21863.9,0.02
2016-09-20 10:15:00,9.11,9.11,9.1,9.1,9245.52,-0.01,-0.11,9.108,9.113,9.1065,18640.7,17735.9,23426.3,0.01
2016-09-20 10:00:00,9.11,9.12,9.11,9.1,23163.1,0.0,0.0,9.112,9.115,9.1065,21743.4,18527.7,24750.5,0.02
2016-09-20 09:45:00,9.12,9.12,9.1,9.1,18242.8,-0.02,-0.22,9.112,9.116,9.106,20444.8,17504.2,26075.5,0.01
2016-09-19 15:00:00,9.12,9.12,9.11,9.11,21950.8,-0.01,-0.11,9.116,9.117,9.107,18819.0,16576.6,26703.6,0.02
2016-09-19 14:45:00,9.12,9.13,9.12,9.11,20601.2,0.0,0.0,9.118,9.116,9.1075,15994.7,15920.9,26677.0,0.01
2016-09-19 14:30:00,9.1,9.12,9.12,9.1,24759.2,0.02,0.22,9.118,9.113,9.1075,16831.2,17005.5,26351.8,0.02
2016-09-19 14:15:00,9.12,9.12,9.11,9.1,16670.2,-0.01,-0.11,9.118,9.111,9.108,15311.9,16952.4,25953.4,0.01
2016-09-19 14:00:00,9.11,9.13,9.12,9.11,10113.6,0.01,0.11,9.12,9.112,9.1095,14563.6,16858.6,25835.9,0.01
2016-09-19 13:45:00,9.12,9.13,9.12,9.11,7829.35,0.0,0.0,9.118,9.111,9.11,14334.3,21914.6,26415.7,0.01
2016-09-19 13:30:00,9.12,9.14,9.12,9.1,24783.6,0.0,0.0,9.114,9.106,9.1115,15847.0,25471.6,26592.6,0.02
2016-09-19 13:15:00,9.12,9.13,9.12,9.11,17162.8,0.0,0.0,9.108,9.1,9.1135,17179.8,29116.6,25746.9,0.01
2016-09-19 11:30:00,9.1,9.12,9.12,9.1,12928.6,0.02,0.22,9.104,9.098,9.1155,18592.9,30973.4,25552.5,0.01
2016-09-19 11:15:00,9.1,9.11,9.11,9.09,8967.15,0.01,0.11,9.104,9.096,9.1175,19153.7,34646.8,25329.9,0.01
2016-09-19 11:00:00,9.09,9.1,9.1,9.09,15392.8,0.01,0.11,9.104,9.097,9.12,29495.0,36830.6,26121.5,0.01
2016-09-19 10:45:00,9.1,9.1,9.09,9.08,31447.5,-0.01,-0.11,9.098,9.099,9.122,35096.3,37433.2,26827.8,0.02
2016-09-19 10:30:00,9.11,9.12,9.1,9.1,24228.5,-0.01,-0.11,9.092,9.102,9.127,41053.4,35698.0,27464.8,0.02
2016-09-19 10:15:00,9.1,9.12,9.12,9.09,15732.5,0.02,0.22,9.092,9.105,9.13,43353.9,34954.4,27553.9,0.01
2016-09-19 09:45:00,9.05,9.11,9.11,9.05,60673.6,0.06,0.66,9.088,9.107,9.1325,50139.9,34813.1,28429.2,0.04
2016-09-14 15:00:00,9.07,9.09,9.07,9.06,43399.2,0.0,0.0,9.09,9.109,9.1355,44166.1,30916.7,26283.7,0.03
2016-09-14 14:45:00,9.1,9.1,9.06,9.05,61233.1,-0.04,-0.44,9.1,9.117,9.141,39770.1,27713.6,24738.5,0.04
2016-09-14 14:30:00,9.1,9.12,9.1,9.09,35731.3,0.0,0.0,9.112,9.127,9.147,30342.7,22377.3,22365.4,0.02
2016-09-14 14:15:00,9.12,9.13,9.1,9.09,49662.4,-0.02,-0.22,9.118,9.133,9.15,26554.9,20131.6,21390.2,0.03
2016-09-14 14:00:00,9.12,9.13,9.12,9.11,30804.6,0.0,0.0,9.126,9.139,9.1545,19486.2,16013.1,20080.3,0.02
2016-09-14 13:45:00,9.13,9.14,9.12,9.12,21419.0,-0.01,-0.11,9.128,9.143,9.1575,17667.4,15412.5,19290.4,0.01
2016-09-14 13:30:00,9.13,9.13,9.12,9.12,14096.0,-0.01,-0.11,9.134,9.145,9.16,15657.1,16222.4,19272.8,0.01
2016-09-14 13:15:00,9.14,9.14,9.13,9.12,16792.4,-0.01,-0.11,9.142,9.152,9.162,14412.0,19231.5,20655.5,0.01
2016-09-14 11:30:00,9.14,9.14,9.14,9.13,14319.2,0.0,0.0,9.148,9.155,9.1655,13708.4,20153.5,21197.1,0.01
2016-09-14 11:15:00,9.15,9.16,9.13,9.13,21710.2,-0.02,-0.22,9.152,9.158,9.169,12539.9,22045.2,23678.2,0.01
2016-09-14 11:00:00,9.16,9.16,9.15,9.15,11367.5,-0.01,-0.11,9.158,9.162,9.1715,13157.7,21650.6,23593.1,0.01
2016-09-14 10:45:00,9.16,9.17,9.16,9.15,7870.62,0.0,0.0,9.156,9.165,9.1735,16787.7,21763.5,23992.7,0.01
2016-09-14 10:30:00,9.17,9.18,9.16,9.16,13274.2,-0.01,-0.11,9.162,9.167,9.174,24051.0,22353.5,26581.5,0.01
2016-09-14 10:15:00,9.16,9.17,9.16,9.15,8476.98,0.0,0.0,9.162,9.167,9.174,26598.6,22648.8,28842.9,0.01
2016-09-14 10:00:00,9.14,9.16,9.16,9.14,24799.0,0.02,0.22,9.164,9.17,9.1735,31550.6,24147.5,31966.9,0.02
2016-09-14 09:45:00,9.17,9.17,9.14,9.12,29517.9,-0.03,-0.33,9.166,9.172,9.173,30143.5,23168.3,32860.6,0.02
2016-09-13 15:00:00,9.16,9.2,9.19,9.15,44186.9,0.03,0.33,9.174,9.175,9.174,26739.3,22323.2,33176.4,0.03
2016-09-13 14:45:00,9.17,9.17,9.16,9.15,26012.3,-0.01,-0.11,9.172,9.172,9.1725,20656.0,22079.4,33592.7,0.02
2016-09-13 14:30:00,9.17,9.17,9.17,9.15,33236.7,0.0,0.0,9.172,9.176,9.1745,18699.1,22240.8,33939.4,0.02
2016-09-13 14:15:00,9.17,9.18,9.17,9.16,17763.6,0.0,0.0,9.176,9.18,9.176,16744.4,25311.1,35158.0,0.01
2016-09-13 14:00:00,9.18,9.2,9.18,9.17,12497.0,0.0,0.0,9.178,9.181,9.1785,16193.2,25535.6,35712.3,0.01
2016-09-13 13:45:00,9.16,9.19,9.18,9.16,13770.2,0.02,0.22,9.176,9.182,9.1805,17907.0,26221.9,37683.0,0.01
2016-09-13 13:30:00,9.18,9.2,9.16,9.16,16227.8,-0.02,-0.22,9.172,9.181,9.184,23502.9,30809.5,38665.7,0.01
2016-09-13 13:15:00,9.17,9.19,9.19,9.17,23463.5,0.02,0.22,9.18,9.181,9.19,25782.5,35037.0,38796.3,0.02
2016-09-13 11:30:00,9.16,9.18,9.18,9.16,15007.5,0.02,0.22,9.184,9.177,9.194,33877.8,39786.4,39300.4,0.01
2016-09-13 11:15:00,9.16,9.18,9.17,9.14,21066.2,0.01,0.11,9.184,9.174,9.199,34878.0,42552.9,40282.2,0.01
2016-09-13 11:00:00,9.2,9.2,9.16,9.16,41749.5,-0.04,-0.43,9.188,9.173,9.204,34536.7,44029.7,41294.8,0.03
2016-09-13 10:45:00,9.2,9.21,9.2,9.18,27625.6,0.0,0.0,9.19,9.173,9.2105,38116.1,45105.9,41729.5,0.02
2016-09-13 10:30:00,9.18,9.21,9.21,9.17,63940.3,0.03,0.33,9.182,9.173,9.2155,44291.5,45638.0,45472.6,0.04
2016-09-13 10:15:00,9.19,9.19,9.18,9.17,20008.3,-0.01,-0.11,9.17,9.172,9.224,45694.9,45004.8,44297.1,0.01
2016-09-13 10:00:00,9.18,9.2,9.19,9.18,19359.9,0.01,0.11,9.164,9.176,9.234,50227.8,45889.0,44568.9,0.01
2016-09-13 09:45:00,9.18,9.2,9.17,9.17,59646.2,-0.01,-0.11,9.158,9.179,9.244,53522.7,49144.1,45161.4,0.04
2016-09-12 15:00:00,9.15,9.17,9.16,9.13,58502.6,0.01,0.11,9.156,9.187,9.255,52095.7,46522.0,42674.4,0.04
2016-09-12 14:45:00,9.16,9.18,9.15,9.14,70957.4,-0.01,-0.11,9.164,9.199,9.2665,46984.6,42555.6,40231.8,0.05
2016-09-12 14:30:00,9.16,9.18,9.15,9.15,42672.9,-0.01,-0.11,9.174,9.211,9.279,44314.7,38814.4,37221.7,0.03
2016-09-12 14:15:00,9.16,9.18,9.16,9.15,35834.5,0.0,0.0,9.188,9.224,9.291,41550.2,38011.4,35908.2,0.02
2016-09-12 14:00:00,9.2,9.2,9.16,9.15,52511.2,-0.04,-0.43,9.2,9.235,9.3025,44765.6,38559.8,35774.4,0.04
2016-09-12 13:45:00,9.2,9.21,9.2,9.19,32947.2,0.0,0.0,9.218,9.248,9.314,40948.2,38353.2,33901.6,0.02
2016-09-12 13:30:00,9.22,9.23,9.2,9.19,57607.7,-0.02,-0.22,9.234,9.258,9.324,38126.5,45307.2,33105.8,0.04
2016-09-12 13:15:00,9.23,9.24,9.22,9.21,28850.4,-0.01,-0.11,9.248,9.276,9.3335,33314.0,43589.5,30501.8,0.02
2016-09-12 11:30:00,9.26,9.26,9.22,9.22,51911.3,-0.04,-0.43,9.26,9.292,9.3425,34472.6,43248.8,29478.9,0.04
2016-09-12 11:15:00,9.27,9.28,9.25,9.25,33424.5,-0.02,-0.22,9.27,9.309,9.3515,32354.1,41178.7,27392.1,0.02
2016-09-12 11:00:00,9.27,9.29,9.28,9.27,18838.6,0.01,0.11,9.278,9.323,9.359,35758.1,38826.9,26903.1,0.01
2016-09-12 10:45:00,9.27,9.29,9.27,9.25,33545.2,0.0,0.0,9.282,9.334,9.366,52488.0,37908.0,27739.8,0.02
2016-09-12 10:30:00,9.26,9.29,9.28,9.26,34643.6,0.02,0.22,9.304,9.347,9.373,53864.9,35629.0,27222.8,0.02
2016-09-12 10:15:00,9.29,9.29,9.27,9.26,41318.8,-0.02,-0.22,9.324,9.358,9.3785,52025.0,33805.0,26288.1,0.03
2016-09-12 10:00:00,9.29,9.31,9.29,9.28,50444.4,0.0,0.0,9.348,9.37,9.385,50003.2,32989.0,26194.0,0.03
2016-09-12 09:45:00,9.29,9.3,9.3,9.26,102488.0,0.01,0.11,9.368,9.38,9.39,41895.6,29449.9,24923.5,0.07
2016-09-09 15:00:00,9.38,9.39,9.38,9.36,40429.8,0.0,0.0,9.386,9.39,9.3945,23328.0,20904.4,20469.3,0.03
2016-09-09 14:45:00,9.39,9.39,9.38,9.37,25443.8,-0.01,-0.11,9.39,9.391,9.3955,17393.0,17414.1,19035.0,0.02
2016-09-09 14:30:00,9.4,9.4,9.39,9.38,31209.9,-0.01,-0.11,9.392,9.393,9.397,15584.9,15709.0,19344.0,0.02
2016-09-09 14:15:00,9.39,9.4,9.39,9.39,9906.96,0.0,0.0,9.392,9.394,9.3975,15974.8,13605.5,18333.2,0.01
2016-09-09 14:00:00,9.4,9.4,9.39,9.39,9649.47,-0.01,-0.11,9.392,9.395,9.398,17004.2,14979.2,18392.8,0.01
2016-09-09 13:45:00,9.4,9.4,9.4,9.39,10754.8,0.0,0.0,9.394,9.398,9.3985,18480.8,17571.7,18241.4,0.01
2016-09-09 13:30:00,9.39,9.4,9.39,9.38,16403.6,0.0,0.0,9.392,9.399,9.3985,17435.2,18816.6,18243.0,0.01
2016-09-09 13:15:00,9.4,9.4,9.39,9.38,33159.1,-0.01,-0.11,9.394,9.399,9.399,15833.1,18771.2,17748.8,0.02
2016-09-09 11:30:00,9.4,9.41,9.39,9.39,15054.0,-0.01,-0.11,9.396,9.4,9.399,11236.3,19399.1,16620.8,0.01
2016-09-09 11:15:00,9.4,9.41,9.4,9.39,17032.5,0.0,0.0,9.398,9.4,9.399,12954.2,20397.1,16814.6,0.01
2016-09-09 11:00:00,9.39,9.4,9.39,9.39,5526.7,0.0,0.0,9.402,9.399,9.3995,16662.5,20034.2,16652.7,0.0
2016-09-09 10:45:00,9.4,9.4,9.4,9.39,8393.3,0.0,0.0,9.406,9.4,9.4,20198.1,20655.9,17607.9,0.01
2016-09-09 10:30:00,9.39,9.41,9.4,9.39,10175.0,0.01,0.11,9.404,9.401,9.4005,21709.4,22978.9,19116.4,0.01
2016-09-09 10:15:00,9.42,9.42,9.4,9.39,23643.7,-0.02,-0.21,9.404,9.401,9.4005,27561.8,23060.8,20446.2,0.02
2016-09-09 10:00:00,9.4,9.43,9.42,9.4,35574.0,0.02,0.21,9.402,9.401,9.401,27839.9,21806.4,20668.3,0.02
2016-09-09 09:45:00,9.4,9.41,9.41,9.39,23204.6,0.01,0.11,9.396,9.399,9.4005,23405.8,18911.2,20566.5,0.02
2016-09-08 15:00:00,9.4,9.41,9.39,9.39,15949.6,-0.01,-0.11,9.394,9.398,9.4005,21113.7,17669.4,20359.8,0.01
2016-09-08 14:45:00,9.4,9.41,9.4,9.39,39437.3,0.0,0.0,9.398,9.399,9.402,24248.5,16726.3,20292.4,0.03
2016-09-08 14:30:00,9.39,9.4,9.39,9.39,25034.2,0.0,0.0,9.398,9.398,9.4025,18559.8,13842.5,18826.4,0.02
2016-09-08 14:15:00,9.4,9.41,9.39,9.39,13403.2,-0.01,-0.11,9.4,9.398,9.4035,15772.8,13232.1,18789.8,0.01
2016-09-08 14:00:00,9.41,9.41,9.4,9.4,11744.2,-0.01,-0.11,9.402,9.4,9.4045,14416.6,13271.2,18939.8,0.01
2016-09-08 13:45:00,9.4,9.41,9.41,9.39,31623.5,0.01,0.11,9.402,9.4,9.405,14225.0,14559.9,19796.3,0.02
2016-09-08 13:30:00,9.39,9.4,9.4,9.39,10993.8,0.01,0.11,9.4,9.4,9.405,9204.09,15253.8,20169.3,0.01
2016-09-08 13:15:00,9.4,9.4,9.4,9.39,11099.2,0.0,0.0,9.398,9.4,9.405,9125.15,17831.5,20579.2,0.01
2016-09-08 11:30:00,9.4,9.4,9.4,9.39,6622.13,0.0,0.0,9.396,9.401,9.405,10691.4,19530.3,21653.5,0.0
2016-09-08 11:15:00,9.39,9.4,9.4,9.39,10786.4,0.01,0.11,9.398,9.402,9.405,12125.8,22221.8,22894.6,0.01
2016-09-08 11:00:00,9.39,9.4,9.4,9.39,6518.96,0.01,0.11,9.398,9.403,9.405,14894.8,23050.2,23806.7,0.0
2016-09-08 10:45:00,9.39,9.4,9.39,9.39,10599.0,0.0,0.0,9.4,9.405,9.405,21303.6,23858.5,25128.2,0.01
2016-09-08 10:30:00,9.41,9.41,9.39,9.39,18930.5,-0.02,-0.21,9.402,9.407,9.405,26537.9,23810.4,27548.6,0.01
2016-09-08 10:15:00,9.41,9.41,9.41,9.4,13794.3,0.0,0.0,9.406,9.409,9.406,28369.2,24347.5,27916.3,0.01
2016-09-08 10:00:00,9.41,9.42,9.4,9.4,24631.4,-0.01,-0.11,9.406,9.409,9.406,32317.8,24608.4,29321.9,0.02
2016-09-08 09:45:00,9.39,9.42,9.41,9.38,38562.8,0.02,0.21,9.408,9.41,9.4055,31205.6,25032.7,29590.8,0.03
2016-09-07 15:00:00,9.41,9.42,9.4,9.39,36770.3,-0.01,-0.11,9.41,9.41,9.4055,26413.3,25084.8,29288.9,0.03
2016-09-07 14:45:00,9.41,9.42,9.41,9.4,28087.0,0.0,0.0,9.412,9.41,9.4065,21083.0,23327.0,28294.9,0.02
2016-09-07 14:30:00,9.41,9.42,9.41,9.4,33537.6,0.0,0.0,9.412,9.409,9.407,20325.8,23776.8,28625.9,0.02
2016-09-07 14:15:00,9.42,9.42,9.41,9.41,19070.4,-0.01,-0.11,9.412,9.408,9.4065,16898.9,23567.3,28125.5,0.01
2016-09-07 14:00:00,9.41,9.42,9.42,9.41,14601.4,0.01,0.11,9.412,9.407,9.4055,18859.9,24563.2,28184.7,0.01
2016-09-07 13:45:00,9.41,9.42,9.41,9.41,10118.6,0.0,0.0,9.41,9.405,9.4035,23756.2,26397.8,30007.9,0.01
2016-09-07 13:30:00,9.41,9.42,9.41,9.41,24300.9,0.0,0.0,9.408,9.403,9.4025,25571.0,31286.7,31208.7,0.02
2016-09-07 13:15:00,9.41,9.42,9.41,9.4,16403.3,0.0,0.0,9.406,9.403,9.4015,27227.8,31485.2,31563.8,0.01
2016-09-07 11:30:00,9.41,9.42,9.41,9.4,28875.2,0.0,0.0,9.404,9.403,9.4,30235.7,34035.4,32462.4,0.02
2016-09-07 11:15:00,9.4,9.42,9.41,9.4,39083.2,0.01,0.11,9.402,9.401,9.3985,30266.6,34148.9,33431.6,0.03
2016-09-07 11:00:00,9.4,9.41,9.4,9.39,19192.3,0.0,0.0,9.4,9.401,9.3965,29039.4,33493.0,34379.2,0.01
2016-09-07 10:45:00,9.4,9.42,9.4,9.4,32585.2,0.0,0.0,9.398,9.403,9.3955,37002.5,33262.7,35414.8,0.02
2016-09-07 10:30:00,9.39,9.41,9.4,9.39,31442.8,0.01,0.11,9.4,9.405,9.396,35742.5,33475.1,35490.0,0.02
2016-09-07 10:15:00,9.39,9.41,9.4,9.39,29029.6,0.01,0.11,9.402,9.405,9.3965,37835.1,32683.6,35611.5,0.02
2016-09-07 10:00:00,9.39,9.4,9.4,9.38,32947.3,0.01,0.11,9.4,9.404,9.3975,38031.1,31806.2,36186.5,0.02
2016-09-07 09:45:00,9.41,9.41,9.39,9.38,59007.4,-0.02,-0.21,9.402,9.402,9.398,37946.6,33617.9,36796.5,0.04
2016-09-06 15:00:00,9.41,9.42,9.41,9.4,26285.5,0.0,0.0,9.408,9.402,9.3995,29523.0,31130.7,36264.9,0.02
2016-09-06 14:45:00,9.4,9.42,9.41,9.39,41905.8,0.01,0.11,9.41,9.4,9.4005,31207.6,31642.3,37222.0,0.03
2016-09-06 14:30:00,9.41,9.42,9.39,9.39,30009.7,-0.02,-0.21,9.408,9.397,9.4015,27532.2,30889.4,37018.4,0.02
2016-09-06 14:15:00,9.42,9.43,9.41,9.41,32524.6,-0.01,-0.11,9.408,9.396,9.4045,25581.2,32714.4,36649.3,0.02
2016-09-06 14:00:00,9.42,9.42,9.42,9.41,16889.4,0.0,0.0,9.402,9.392,9.4065,29289.2,35265.3,35574.5,0.01
2016-09-06 13:45:00,9.4,9.43,9.42,9.39,34708.6,0.02,0.21,9.396,9.388,9.4075,32738.3,37566.9,35422.4,0.02
2016-09-06 13:30:00,9.39,9.4,9.4,9.39,23528.6,0.01,0.11,9.39,9.387,9.409,32077.0,37504.9,34240.3,0.02
2016-09-06 13:15:00,9.38,9.4,9.39,9.38,20254.8,0.01,0.11,9.386,9.388,9.411,34246.7,38539.3,34247.1,0.01
2016-09-06 11:30:00,9.38,9.4,9.38,9.37,51064.8,0.0,0.0,9.384,9.391,9.4145,39847.5,40566.8,33829.9,0.03
2016-09-06 11:15:00,9.39,9.39,9.39,9.37,34134.9,0.0,0.0,9.382,9.394,9.418,41241.3,39975.1,32975.1,0.02
2016-09-06 11:00:00,9.37,9.39,9.39,9.36,31402.0,0.02,0.21,9.38,9.397,9.421,42395.4,41399.0,32461.5,0.02
2016-09-06 10:45:00,9.37,9.38,9.38,9.37,34376.9,0.01,0.11,9.384,9.401,9.424,42932.7,42801.6,32110.4,0.02
2016-09-06 10:30:00,9.37,9.38,9.38,9.36,48259.1,0.01,0.11,9.39,9.406,9.4265,42831.9,43147.4,32309.8,0.03
2016-09-06 10:15:00,9.38,9.39,9.37,9.36,58033.8,-0.01,-0.11,9.398,9.413,9.4305,41286.0,40584.3,31730.4,0.04
2016-09-06 10:00:00,9.41,9.41,9.38,9.38,39905.4,-0.03,-0.32,9.406,9.421,9.4335,38708.9,35883.8,30051.1,0.03
2016-09-06 09:45:00,9.42,9.43,9.41,9.41,34088.5,-0.01,-0.11,9.414,9.427,9.437,40402.7,33277.8,29100.5,0.02
2016-09-05 15:00:00,9.41,9.42,9.41,9.4,33872.8,0.0,0.0,9.418,9.431,9.438,42670.5,30975.7,28926.8,0.02
2016-09-05 14:45:00,9.41,9.42,9.42,9.4,40529.7,0.01,0.11,9.422,9.434,9.44,43462.9,29954.9,27864.8,0.03
2016-09-05 14:30:00,9.42,9.43,9.41,9.4,45148.2,-0.01,-0.11,9.428,9.438,9.441,39882.5,27092.9,27118.8,0.03
2016-09-05 14:15:00,9.43,9.44,9.42,9.41,48374.1,-0.01,-0.11,9.436,9.442,9.443,33058.7,25975.0,27581.6,0.03
2016-09-05 14:00:00,9.43,9.44,9.43,9.42,45427.5,0.0,0.0,9.44,9.445,9.4445,26153.0,23524.0,28318.3,0.03
2016-09-05 13:45:00,9.45,9.45,9.43,9.42,37835.0,-0.02,-0.21,9.444,9.447,9.4465,19280.9,21419.3,27289.1,0.03
2016-09-05 13:30:00,9.45,9.45,9.45,9.44,22627.6,0.0,0.0,9.446,9.447,9.449,16446.9,21472.1,26322.9,0.02
2016-09-05 13:15:00,9.44,9.45,9.45,9.44,11029.1,0.01,0.11,9.448,9.448,9.4505,14303.4,22876.6,26499.1,0.01
2016-09-05 11:30:00,9.45,9.45,9.44,9.43,13845.8,-0.01,-0.11,9.448,9.446,9.452,18891.3,24218.5,27310.9,0.01
2016-09-05 11:15:00,9.44,9.45,9.45,9.44,11066.9,0.01,0.11,9.45,9.447,9.454,20895.0,24923.1,27304.8,0.01
2016-09-05 11:00:00,9.45,9.46,9.44,9.44,23664.9,-0.01,-0.11,9.45,9.445,9.455,23557.6,26877.9,27054.2,0.02
2016-09-05 10:45:00,9.45,9.46,9.46,9.45,11910.2,0.01,0.11,9.448,9.446,9.457,26497.4,25774.6,26103.9,0.01
2016-09-05 10:30:00,9.45,9.46,9.45,9.44,33968.9,0.0,0.0,9.448,9.444,9.4575,31449.9,27144.7,26954.4,0.02
2016-09-05 10:15:00,9.44,9.45,9.45,9.44,23864.0,0.01,0.11,9.444,9.444,9.459,29545.6,29188.3,26396.1,0.02
2016-09-05 10:00:00,9.44,9.45,9.45,9.43,24380.1,0.01,0.11,9.444,9.444,9.461,28951.2,33112.6,26284.1,0.02
2016-09-05 09:45:00,9.46,9.46,9.43,9.43,38363.7,-0.03,-0.32,9.44,9.446,9.4635,30198.2,33159.0,26801.8,0.03
2016-09-02 15:00:00,9.44,9.46,9.46,9.43,36672.8,0.02,0.21,9.444,9.451,9.467,25051.9,31173.7,27528.4,0.03
2016-09-02 14:45:00,9.45,9.45,9.43,9.42,24447.4,-0.02,-0.21,9.44,9.453,9.4685,22839.5,30121.5,26985.2,0.02
2016-09-02 14:30:00,9.43,9.45,9.45,9.42,20892.2,0.02,0.21,9.444,9.458,9.472,28830.9,30403.2,27803.7,0.01
